No.,book_name,author,publishing-house,date,price,score,url,comment
1,红楼梦,[清] 曹雪芹 著,人民文学出版社,1996,59.7,9.6,https://book.douban.com/subject/1007305/,石头记22回，宝钗做生辰，贾府开了梨园会搭台看戏。“大家娘儿姐妹等说笑时，贾母因问宝钗爱听何戏，爱吃何物等语。宝钗深知贾母年老人，喜热闹戏文，爱吃甜烂之物，便总依贾母贾母往日素喜着说了出来，贾母更加欢悦。”记得每每有人分析宝钗的性格时，这一段便经常被拿出...
2,活着,余华,作家出版社,2012,20.0,9.4,https://book.douban.com/subject/4913064/,这篇书评可能有关键情节透露好吧。我突然想起来还有这么一本书。在去年炎热夏季。从成都到南宁的火车上。36个小时。我突然想起来还有这么一本书在我的背包里。对面是吃瓜子喝啤酒恩爱的年轻男女。男子高瘦英俊。法学本科。女子温暖小巧。垂下眼有着美丽的睫毛。突然觉得无聊。于是聊到有什么杂志看。...
3,1984,[英] 乔治·奥威尔,北京十月文艺出版社,2010,28.0,9.4,https://book.douban.com/subject/4820710/,朋友曾经问，看过1984最大的感受是什么？很多人说恐惧，可是我却只感受到刻骨的，无法用泪水倾泄的悲伤。在黄昏的小屋里，他和她从缱绻后的睡梦中醒来，窗外夕阳的光芒投射在她的身上，外面有一个洗衣妇人的歌声和尘世中种种车来人往。那样的时刻，那样的爱情，它真实地存在...
4,哈利·波特,J.K.罗琳 (J.K.Rowling),人民文学出版社,2008,498.0,9.7,https://book.douban.com/subject/24531956/,这篇书评可能有关键情节透露其实这个系列有很多版本，不同版本评分也略有差别。我是从中挑选了一套评分最高的作为参考，因为我认为这部陪伴我长大的书担得起所有赞誉。在学习、看书、看恐怖片、写书评间犹豫了一会儿，还是决定把书评写了吧。这部跨越了初中、高中、大学，跨越了我到目前人生近四分之三的...
5,三体全集:地球往事三部曲,刘慈欣,重庆出版社,2012,168.0,9.5,https://book.douban.com/subject/6518605/,评论刘慈欣的《三体》是件困难的事情，因为可以选择的角度太多。反复思量过后挑了这个角度，在我看来，写一部好的科幻小说，或者一部适合评论家们的科幻小说都不是难事，但是当作家的心思并不是用在这些上面，而是捎带着完成了这两件事的时候，就并不是那么容易了。很容易看出...
6,百年孤独,[哥伦比亚] 加西亚·马尔克斯,南海出版公司,2011,39.5,9.3,https://book.douban.com/subject/6082808/,面对这样的作品，当你没有能力读它的时候，千万不要试图去读懂。不要逼自己去面对那些看似纷乱的情节，不要强迫自己搞清楚那一代又一代的人物关系，不要翻来覆去的理清某些相似的名字不同的人物。这些屏障存在于那里，已经说明你无须去读它，起码是当下，无须去读。就像高中的...
7,飘,[美国] 玛格丽特·米切尔,译林出版社,2000,40.0,9.3,https://book.douban.com/subject/1068920/,这篇书评可能有关键情节透露人真是怪。十几年前读《飘》的时候，我是喜欢郝思嘉的。可最近，无意中拿起旧书重读，却深深地被媚兰吸引住了。难道是年龄的缘故，人的思想真的会改变的吗？哪个年轻女孩看了《飘》不喜欢郝思嘉呢？漂亮不说，又聪明倔强，周围总有男人围绕着。特别是有瑞德这样有魅力的男...
8,动物农场,[英] 乔治·奥威尔,上海译文出版社,2007,10.0,9.3,https://book.douban.com/subject/2035179/,有些书如同没有剑柄的剑，不论你从哪个角度去握它，它都要把你割的鲜血泠泠，但你为了欣赏它，就不得不拿起它。乔治·奥威尔的《动物庄园》就是这样一本书，它躺在那里，灿灿光芒照得的眼花缭乱，但你敢拿起来看么？它是没有剑柄的剑，霍的一声就会触疼你。《动物庄园》是童...
9,房思琪的初恋乐园,林奕含,北京联合出版公司,2018,45.0,9.2,https://book.douban.com/subject/27614904/,——你以血书，我以泪和。这几天又在看林奕含的各种视频。去年只看了那一期书房里、她离世8天前的采访，这一次才发现了更多线索。（锵锵三人行那一期，真的是太粗糙了，窦文涛对她没有丝毫了解，仅凭一些花边新闻就开始拼凑想象。反倒是另一位女嘉宾说了几句掷地有声的话。所...
10,三国演义（全二册）,[明] 罗贯中,人民文学出版社,1998,39.5,9.3,https://book.douban.com/subject/1019568/,作为孔明，他一直比较喜欢故弄玄虚。所以我们可以知道这是一位信仰神秘主义的前辈。我从小就知道孔明，觉得他跟诸葛亮都是我国历史名人，上小学二年级的时候，我被同桌女生教训，她告诉我，孔明也姓诸，叫诸孔明，跟诸葛亮是亲戚。我很欣慰，这两个名人终于可以扯上关系了。可...
11,福尔摩斯探案全集（上中下）,[英] 阿·柯南道尔,群众出版社,1981,53.0,9.3,https://book.douban.com/subject/1040211/,众所周知，柯南道尔并不是历史上最杰出的侦探小说家。在他之后出现了无数更牛逼的家伙：黄金时代的阿加莎克里斯蒂，艾勒里奎因和约翰狄克森卡尔——他们创作了不同凡响的故事，无懈可击的推理以及匪夷所思的密室；还有加斯东勒鲁，一个玩票的法国人，以一部《黄屋奇案》跻身于...
12,白夜行,[日] 东野圭吾,南海出版公司,2013,39.5,9.2,https://book.douban.com/subject/10554308/,读罢《白夜行》，感到相当的受触动，这样震撼的书并不是那么多的。从傍晚开始，我一直通宵到早上读完。之后又回味良久，很想找人讨论讨论，于是就上了豆瓣跟百度白夜行贴吧，看到了大家的热烈讨论（虽然有些文字已经是在两三年前留下的了）。让我感到意外的是，我的理解似乎有...
13,小王子,[法] 圣埃克苏佩里,人民文学出版社,2003,22.0,9.1,https://book.douban.com/subject/1084336/,那天我第一次打开《小王子》，就呆了。不是因为它的清新剔透，而是圣埃克苏佩里的那些画儿。在过去的一年里，我收到过很多画着小人的卡片，但是一直到那一天看到小王子里面一样的画面，我才知道，原来那些小人和花花草草曾经并且一直在这样忧伤的童话里生长着。圣埃克苏佩里把...
14,安徒生童话故事集,（丹麦）安徒生,人民文学出版社,1997,25.0,9.3,https://book.douban.com/subject/1046209/,我见过不少有能耐的人，他们能把生活过成段子，随便说一段个人生活都跟八卦娱乐圈似的。我还见过很多人，他们有本事把生活编织成童话，举手投足都是仙气。前者轻松，后者诗意。要轻松地生活，你无疑需要强大的内心和四两拨千斤的技巧；而要诗意地生活，你可能更需要不屈的意...
15,天龙八部,金庸,生活·读书·新知三联书店,1994,96.0,9.2,https://book.douban.com/subject/1255625/,一首先得说的是，所谓佳人，乃是一个活物。汉朝皇帝不解风情，以为看个画图便能辨出佳人，才使毛延寿等辈有机可乘，放出昭君便宜了单于。如今敷妆鲜活霓裳羽衣外加PS打光的美少女们，论样貌怕比祖贤青霞等的旧照好看得多。然而回头一看《青蛇》，一看《笑傲》，那两位熟女只一...
16,呐喊,鲁迅,人民文学出版社,1973,0.36,9.2,https://book.douban.com/subject/1449351/,鲁迅文章被挪出课本这个话题，套用时下的话说已经“out”了。风风火火的讨论，也就死撑了几天，然后，就被互联网上数以亿计的信息淹没了，连头都没有再浮出水面一下，就沉到底了。我为了这条不知道谁发出的新闻，从柜子里重新翻出《呐喊》，就坐在地上，看到天色变暗，雷...
17,撒哈拉的故事,三毛,哈尔滨出版社,2003,15.8,9.2,https://book.douban.com/subject/1060068/,我想从头到尾系统地看三毛的书，所以找了三毛作品的出版顺序，供想读三毛的人参考：1．《撒哈拉的故事》1976年5月初版2．《雨季不再来》1976年7月初版3．《稻草人手记》1977年6月初版4．《哭泣的骆驼》1977年8月初版5．《温柔的夜》1979年2月初版6．《娃娃...
18,悉达多:一首印度的诗,[德] 赫尔曼·黑塞,天津人民出版社,2017,32.0,9.3,https://book.douban.com/subject/26980487/,（以防万一，再次强调，这个悉达多不是佛陀，只是黑塞小说中的男主角，他所领悟的也不完全是佛教的教义。）1.赫尔曼·黑塞的《悉达多》对我来说，意义非凡。是至今为止我看了最多遍的一本书，市面上能搜集到的译本，我都买了看了，仍然每读每有新收获。我第一次读到这本书的...
19,邓小平时代,【美】傅高义 (Ezra.F.Vogel),生活·读书·新知三联书店,2013,88.0,9.3,https://book.douban.com/subject/20424526/,毫无疑问，畅销书，尽管754页，88人民币一本，还是畅销书。当然，上边说的是国内图书市场，我还不算看英文版、看台版、在kindle上看的，看没有删掉那一章的。这本书的出版，按习惯，多少可算作奇迹。虽然我没做实验，但根据经验主义，很多章节贴到微博上、BBS上，是会被屏...
20,杀死一只知更鸟,[美] 哈珀·李,译林出版社,2012,32.0,9.2,https://book.douban.com/subject/6781808/,这篇书评可能有关键情节透露一直以来我都在琢磨到底什么是教养，是不是穿阿玛尼比穿班尼路有教养？后来我明白，穿阿玛尼确实比穿班尼路更体面，教养却谈不上。那教养究竟是个什么玩意儿？看完《杀死一只反舌鸟》我明白：教养太复杂，但首先应是正义，正义是一种教养。20世纪30年代美国南方，律师带着一双...
21,明朝那些事儿（1-9）:限量版,当年明月,中国海关出版社,2009,358.2,9.2,https://book.douban.com/subject/3674537/,按自己的方式，去度过人生。---读《明朝那些事儿》后记我相信。这些日子以来，呈现在我的眼前最生动的画面不是上下班公交车上拥挤的人群，也不是忙碌不过来的公司事务，以及我原本拥有并且平常、平淡、平凡的生活，而是权力、希望、痛苦、愤怒、犹豫、冷漠、热...
22,失踪的孩子:那不勒斯四部曲4,[意] 埃莱娜·费兰特,人民文学出版社,2018,62.0,9.2,https://book.douban.com/subject/30172069/,文=索马里一个不爱自己母亲的女人是一个迷失的女人。费兰特的《失踪的孩子》（那不勒斯四部曲大结局）中，莱农的小姑子，出生优越的教授马丽娅罗莎对她这么说。这句话意大利原文是Cheunadonnasenzaamoreperlasuamatriceèpersa。编辑到这里的时候，我的眉头不可...
23,新名字的故事:那不勒斯四部曲2,[意] 埃莱娜·费兰特,人民文学出版社,2017,59.0,9.2,https://book.douban.com/subject/26986954/,大概是伏波娃还是谁，说女人最大的不幸在于，她们过早遇见了很难逃避的各种诱惑。作为一个长相普通头脑也普通的人，我一直不是很清楚那种诱惑是什么。固然也似乎遇见了一些类似于钱色交易的玩意，也似乎利用过一些性别优势，但这的确称不上不幸。不幸是什么意思呢？我在一些...
24,野草,鲁迅,人民文学出版社,1973,0.2,9.5,https://book.douban.com/subject/1915958/,无论什么人，只要你在活着的时候应付不了生活，就应该用一只手挡开笼罩着你的命运的绝望……但同时，你可以用另一只手草草记下你在废墟中所看到的一切，因为你和别人看到的不同，而且更多……——卡夫卡·题记（一）1924至1926。中国。军阀...
25,沉默的大多数:王小波杂文随笔全编,王小波,中国青年出版社,1997,27.0,9.1,https://book.douban.com/subject/1054685/,十年，是一个小小的轮回，足够我们忘记许多人或者事，真挚的爱情都难以保持如此之恒久，但王小波凭着四卷文集，战败了时间。1997——2007，在王小波离去的十年间，生活有何改变？无非是天增岁月人增寿，大家都老了十年。比较明显的变化是，上网费从一小时8元，降到了一个月80...
26,中国历代政治得失,钱穆,生活·读书·新知三联书店,2001,12.0,9.2,https://book.douban.com/subject/1003479/,钱穆在《中国历代政治得失》里说“我将纯从历史事实上，来比较它的好坏；根据当时人的意见，来说明它的得失。”（p5；p175）这是一种历史研究或者说历史分析的方法，不带个人情感以及私人意见。个人认为，即使去掉历史二字，这也不失为一种好的研究方法（取向）。不带时代以及...
27,局外人,[法] 阿尔贝·加缪,上海译文出版社,2010,22.0,9.1,https://book.douban.com/subject/4908885/,在书店工作期间，最快乐的时候，便是与对胃口的人聊起彼此都喜欢的书的时候。比如某天看到有姑娘在向她的朋友推荐加缪的《局外人》，边上的我憋不住接了一句：“这本书我也很喜欢。我曾经在三个月里连看了三遍，包括两个译本，仍意犹未尽，想再去看郭宏安的译本。”那姑娘叫...
28,卡拉马佐夫兄弟,[俄] 费奥多尔·陀思妥耶夫斯基,上海译文出版社,2015,78.0,9.6,https://book.douban.com/subject/25887924/,“回答完你的问题，我就来展开俄罗斯的奥秘，也是陀思妥耶夫斯基的奥秘。我想讲的是，为什么会产生这样一种宗教感，尽管有时候作者并不直接说到宗教。陀思妥耶夫斯基经常写到，俄罗斯是斯芬克斯，俄罗斯是一个谜。这个谜不仅是对外国人来讲的，对俄国人也同样如此。在1880年代...
29,白鹿原:20周年精装典藏版,陈忠实,人民文学出版社,2012,39.0,9.2,https://book.douban.com/subject/10564071/,陈忠实创作《白鹿原》前就暗下决心，要把这本书当作“将来垫枕头的”作品，也就是说，一名小说家总要写点自己都觉得好的作品用来陪葬。于王朔而言是《动物凶猛》，写了许多小说，王朔用于证明自己是严肃作家的作品是这个中篇，犹如史蒂芬金拿出《四季》（其中就包括肖伸克的救...
30,乡土中国,费孝通,上海人民出版社,2006,38.0,9.2,https://book.douban.com/subject/1795079/,费孝通先生的《乡土中国》，真是本值得一读再读的好书。他解释了中国人很多根深蒂固的行为习惯的来处。但又不像很多书，一提到“国民性”就是纯粹的批判，或嘲讽，他倒没有。他对中国人有踏实的了解，有敏锐的观察，有抽丝剥茧的犀利分析，却没有那种置身事外的态度，对“你...
31,人类简史:从动物到上帝,[以色列] 尤瓦尔·赫拉利,中信出版社,2014,68.0,9.1,https://book.douban.com/subject/25985021/,乘地铁，车还没到，抬头看电视屏幕，瞥见一个穿白大褂的中年男人正在讲解割双眼皮的三种方式，对面的广告牌上，一个美丽的女人骄傲地展示着整容之后的五官，大眼睛，双眼皮，尖下巴，眼神迷离，一脸茫然。我并不想对整容做道德评价，而是想还原一个事实：我们已经生活在一个...
32,彷徨,鲁迅,人民文学出版社,1973,0.37,9.3,https://book.douban.com/subject/1449348/,本文系作者原创。是对近期自己对于鲁迅、对于青少年教育、对于社会现实的一些想法的总结。转载请注明出处。----------------------------------------也许真的是到了岁数，最近总会想到下一代的教育问题——尽管未来几年要孩子都是个没谱的事，但这并不妨碍现在的我为此而...
33,围城,钱锺书,人民文学出版社,1991,19.0,9.0,https://book.douban.com/subject/1008145/,看论坛上掐架，说的是鲁迅，王小波，钱钟书，架掐得没个所以然，自然最后又可以被人用仁者见仁智者见智的无聊老话总结过。但是发现有人为鲁迅，王小波反驳，对于钱钟书说的却甚少，许是《围城》很多人看过，但若被人奉上一句不足够伟大，却也让人无话可说，而其他的东西如管锥...
34,平凡的世界（全三部）,路遥,人民文学出版社,2005,64.0,9.0,https://book.douban.com/subject/1200840/,书的开头，孙少平是个连“丙”菜都吃不起的穷困的农村学生；书的结尾，孙少平是个身有残疾的普普通通的煤矿工人。从头至尾，孙少平都没有能够脱离所谓的“社会底层”。可是时至今日，每每想起《平凡的世界》，想起孙少平这个平凡的人，这个人物身上的自尊都令我汗颜。初中时...
35,许三观卖血记,余华,作家出版社,2012,24.0,9.2,https://book.douban.com/subject/4760224/,余华作为当代中国一位先锋作家，从1984年发表第一篇小说以来，其作品的风格、主题思想和叙述方式都有较明显的阶段性变化。《许三观卖血记》是他的第三部长篇小说，也是他认为自己首次完全让人物自己开口说话创作出来的小说，而且通过这部作品的创作，他对掌握人物对话有了更多...
36,罗杰疑案:阿加莎·克里斯蒂作品02,[英] 阿加莎·克里斯蒂,新星出版社,2013,28.0,9.2,https://book.douban.com/subject/21371175/,人物弗拉尔斯太太谢泼德医生：第一人称我姐姐卡洛琳拉尔夫·佩顿：罗杰养子拉塞尔：女管家艾克罗伊德太太：罗杰弟弟遗孀弗洛拉：罗杰侄女帕克：男管家雷蒙德：秘书布兰特少校厄休拉：客厅女仆哈蒙德先生：律师神秘人1：医生遇到的去罗杰庄园的问路人神秘人2：打...
37,笑傲江湖（全四册）,金庸,生活·读书·新知三联书店,1994,76.8,9.1,https://book.douban.com/subject/1002299/,"很多男的说到自己.想找个金庸的人代入.多半会选韦小宝,,哦,,这种人是色狼..要不乔峰,恩,,这种人爱幻想...然后张无忌总是让人爱不起来,其他几个男主角,杨过太飘渺,郭靖智力一直被人批判..选来选去.还是看到了金庸全作中最潇洒的一书,&lt;笑傲江湖&gt;男主角的潇洒和其他几个主..."
38,我与地坛:史铁生代表作,史铁生,春风文艺出版社,2002,25.0,9.2,https://book.douban.com/subject/1209899/,听我一句劝：不要因为《我与地毯》而跑到安定门外大街去找“地坛”。你去了，无非也就是逛一逛现在已是旅游胜地的地坛公园。因为史老笔下的那个地坛是一种精神的载体，不是某个客观的地点。再听我一句劝，如果你没有读过《我与地坛》，千万别信导游说：“这就是...
39,献给阿尔吉侬的花束,[美] 丹尼尔·凯斯,广西师范大学出版社,2015,36.0,9.1,https://book.douban.com/subject/26362836/,久到深夜，我终于看完了。最近因为别的事也有一些感悟。再加上看书。书的结尾很压抑，但查理和爱丽斯谈恋爱的那一段，或者查理讲述自己将要突破智慧极限的一段附在刺眼亮光中旅行的经历，都异常炫美，怎么讲呢？人对其自身还是了解的太少太少太少了。我们对爱也了解的...
40,东方快车谋杀案,[英] 阿加莎·克里斯蒂,人民文学出版社,2006,18.0,9.1,https://book.douban.com/subject/1827374/,我读过的侦探小说中，我最喜欢的是阿加莎的。而其中又以《尼罗河上的惨案》和《东方快车谋杀案》为最爱。只所以喜欢阿加莎的作品，是因为它可以带给我读其它侦探小说而无法得到的愉悦。其它的侦探小说大都有一个套路，一件惨案发生了，侦探到现场做一些无人能懂的勘查，接...
41,肖申克的救赎,[美] 斯蒂芬·金,人民文学出版社,2006,29.9,9.1,https://book.douban.com/subject/1829226/,看完此书后对比电影，发现了很多不同之处，以下列出。1。安迪在书中是一个小个子，正因为小，所以才能在最后狭窄细小的排水管道中逃脱。电影中的安迪个子不小，但是演员非常出彩，如果让我选，还是选tim演。2。关于典狱长诺顿。是后来才来肖申克当典狱长的，并...
42,基督山伯爵,[法国] 大仲马,上海译文出版社,1991,43.9,9.1,https://book.douban.com/subject/1085860/,这篇书评可能有关键情节透露1如果<基督山伯爵>上了起点网……[转]如果《基督山伯爵》上了起点网如果那个时候法国也有起点网如果《基督山伯爵》也在上面更新的话，大概会有类似下面的这些回帖吧。1楼：都已经那么多章了，怎么主角还在监狱里！！！怎么男女主角还没见面！！！作者不要再故意拖戏...
43,江城,[美] 彼得·海斯勒,上海译文出版社,2012,36.0,9.1,https://book.douban.com/subject/7060185/,昨晚在一个狠文艺的书店里遇见了何伟的《江城》，说实话我没想到这本书居然获准在大陆出版。而让我惭愧万分的是，当我买回家读完这本书的时候才发现这是它自2012年2月出版以来的第四次加印，我买的是第7万册到第10万册中的一本---如果再刷半年微博，估计我连第五版都会错过了。...
44,城南旧事:纪念普及版,林海音 文,中国青年出版社,2003,16.0,9.1,https://book.douban.com/subject/1254588/,一直以来我都认为，阅读是需要心境的，在什么样的年纪读什么样的书，倘若你觉得一本书不好，很有可能是你没有读懂它，或许再过一些年来读，会疑惑于自己当年的不以为然。对于我来说，林海音的《城南旧事》早已是耳熟能详，可是曾经在书店无数次的翻开它，却从来也提不起阅读的...
45,故事新编,鲁迅,人民文学出版社,1973,0.31,9.4,https://book.douban.com/subject/2046909/,冀翼，80后写作者，思考者，公众号：妄想症患者病历本。欢迎订阅。鲁迅《铸剑》内含的生命哲学新时期以来，《铸剑》作为鲁迅的一篇重要作品，长久被评论界所忽视，只有残雪、莫言这样的文学创造者才对它产生了一定的偏爱，并且写过一些感性重于理性的分析文章。也许这恰恰证...
46,霍乱时期的爱情,[哥伦比亚] 加西亚·马尔克斯,南海出版公司,2012,39.5,9.0,https://book.douban.com/subject/10594787/,“一生一世。”合上《霍乱时期的爱情》这本书时，我仿佛看到马尔克斯在角落里偷笑。两年前读完这本书，就觉得有哪里不对。再读一次，彻底感觉被马尔克斯耍了——这本所谓的“爱情的百科全书”，哪里是在写爱情呀。一个叫佛洛伦蒂诺•阿里萨的文艺青年，看上了一个叫费...
47,艺术的故事,[英] 贡布里希 (Sir E.H.Gombrich),广西美术出版社,2008,280.0,9.6,https://book.douban.com/subject/3162991/,在我到今天为止的阅读过程中，有三本书是无论如何都绝不愿意错过的，它们分别是罗素的西方哲学史，曼昆的经济学原理，和贡布里希的艺术的故事。（虽然真的这样一本正经的把这三本没什么联系的书排列在一起让我觉得自己有点傻气）但对一个，算不上聪明，又懒，又缺乏基础知识...
48,万历十五年,[美] 黄仁宇,生活·读书·新知三联书店,1997,18.0,9.0,https://book.douban.com/subject/1041482/,这篇书评可能有关键情节透露严正声明作为读者，在对本书部分内容不出注释而擅自删改提出质疑后，遭受到该书责编徐卫东（豆瓣ID：西丰客人）长达数年时间系统性的骚扰，近日其甚至将包括我在内的其他提出质疑的读者一并挂在其编辑手记中示众。试问：纵然读者意见是错误的，纵然读者断章取义了你「高明的编...
49,朝花夕拾,鲁迅,人民文学出版社,1973,0.25,9.1,https://book.douban.com/subject/1449352/,一、鲁迅是一个什么样的人呢？如果要我来回答：他是我中学时代不怎么喜欢的一个“课文作家”，一个面容冷峻眉毛浓密嘴唇上都是胡子的男人，说话半文不白的的文学家思想家革命家。不喜欢的原因呢？一言难尽啊！我第一次接触鲁迅，大概就是小学时代的那篇课文《我的伯...
50,月亮和六便士,[英] 毛姆,上海译文出版社,2006,15.0,9.0,https://book.douban.com/subject/1858513/,你肯定有这样一个朋友吧：在银行工作，长得一般，业务凑合，有老婆孩子，勤勤恳恳养家糊口，不爱说话，但如果开口说话，说的话也多半无趣无味——总之形象非常白开水，在任何一个社交场合都是角落里不大起眼的人。事实上你肯定有不止一个这样的朋友，事实上你自己没准就是这样...
51,厌女:日本的女性嫌恶,上野千鹤子,上海三联书店,2015,28.0,9.1,https://book.douban.com/subject/25836270/,从小到大，总觉得自己与同龄人有些格格不入。特别是那些过于纤细娇媚的女生，是自卑也好是觉得她们做作也好，与这些女人味十足的女生在一起总觉得不太习惯。每当女生们开始聊过于女生的话题时，比如化妆品，包包，首饰，各种牌子等等，当她们开始互相比较吹捧时，我觉得自己就...
52,秋园,杨本芬,北京联合出版公司,2020,38.0,9.0,https://book.douban.com/subject/34998019/,去年差不多前后脚，我同时签下了《春山》和《秋园》两本书。《春山》写王维，书稿我是一个晚上读完的，之后一遍一遍，回味不已。《秋园》则不然，虽然只读了一章我就决定必须要出这本书，但这本书稿，断断续续好多天才最终读完——命运之重和作者下笔的温婉淡然，让我没有办法...
53,射雕英雄传,金庸,生活·读书·新知三联书店,1999,47.0,9.1,https://book.douban.com/subject/1044547/,（居然真有这套………………貌似我一直以为是盗版……………………不如三联的齐整……………………）所谓男孩子好色而慕少艾，乃是人之天性。有朝一日肌体成熟，荷尔蒙便充溢而出，四处寻人。所以满口道学如尹志平，还是不免年过四十，去草丛去搂定了小龙女。古人说得好...
54,置身事内:中国政府与经济发展,兰小欢,上海人民出版社,2021,65.0,9.1,https://book.douban.com/subject/35546622/,小记《置身事内》四星给我最大的收获是这本书框架完整，微观机制和宏观机制都包括了，在每一章之后，都会推荐扩张阅读。这对我帮助很大，我可以自己挑选喜欢的部分，再去仔细阅读给专业的相关书籍。这是一本很基础的入门科普书，在作者推荐的专业性更强的著作中，很多我都已...
55,追风筝的人,[美] 卡勒德·胡赛尼,上海人民出版社,2006,29.0,8.9,https://book.douban.com/subject/1770782/,我时常幻想自己是来自未来的，这样，有一天我面对未来某一时刻的突然变化，就会更从容，面对陈年往事也会更慷慨。但，我更适合平庸，如寻常人一样琐碎繁杂的生活，对时间的细枝末节斤斤计较。既然无法预知未来，那么人更多的开始依赖回忆，甚至靠那些零星琐碎的回忆支撑往后...
56,寻路中国:从乡村到工厂的自驾之旅,[美] 彼得·海斯勒,上海译文出版社,2011,33.0,9.0,https://book.douban.com/subject/5414391/,如果说一两百年前中国在西方人眼里的典型形象是“停滞的帝国”，那么现在大概就趋于另一极端：一个不停快速变化的国度。悖论的是，可能由于生活在其中，或过于热爱速度，中国人自己对这个魔幻现实主义的中国，有时看得还不如外国人清楚。和他的前两本著作《江城》、《甲骨文...
57,树上的男爵,[意大利]伊塔洛·卡尔维诺,译林出版社,2012,30.0,9.1,https://book.douban.com/subject/6789605/,“一个人只有远离人群，才能真正和他们在一起。”这是卡尔维诺在《树上的男爵》一书中出的最大谜题。要想解开这个谜题，必须要从五个关键词入手，它们是“疏离”、“坚守”、“孤独”、“爱情”和“完整”。一、疏离《树上的男爵》的故事大意是：为了捍卫自我的完整，反抗家...
58,刀锋,[英]毛姆,上海译文出版社,2007,18.0,9.0,https://book.douban.com/subject/2035162/,二楼电梯：http://book.douban.com/review/1400528/?start=100#comments上个星期见缝插针回了趟老家，虽然时间很短，但是无比放松，一直窝在家里腐败。回家的第二天早上，花生兴冲冲去实现夙愿。他拉着我大步流星走到附近一间门面相当肮脏的小吃店，没进门就说：“馄饨两碗...
59,格林童话全集,[德国]格林兄弟,人民文学出版社,1994,21.45,9.1,https://book.douban.com/subject/1043008/,给弟弟妹妹以至于小侄子们这样的小孩讲故事是件苦差，因为他们对结局总不满意。当故事开始时活色生香的主角或生或死的演完戏码之后，他们还是会把一些讲述者自己都没在意的细节寻找出来，真诚的追问：“那后来呢？”如果你讲完一个最完美不过的故事——巫婆被扔进了白菜窖，黑...
60,无人生还,[英] 阿加莎・克里斯蒂,人民文学出版社,2008,19.0,9.0,https://book.douban.com/subject/3006581/,看了阿婆很多本书之后终于买了这本著名的《无人生还》，听说是阿婆的代表作，但是看完之后只能说，有些失望，不为别的，就是为那些或重或轻的逻辑性bug，大致地翻了翻书评，也没看到太多能解惑的。1.书中写到‘岛上的死亡顺序是经过我深思熟虑之后悉心安排的’，也就是说法...
61,中国少年儿童百科全书（全四册）,林崇德 主编,浙江教育出版社,1991,168.0,9.4,https://book.douban.com/subject/1028409/,呵呵，当时那个网络不甚发达的时代，这四本书几乎解决了我的所有疑问。也许有些夸张，但绝对有过之而无不及。于是天天翻看，导致的最终结果就是书烂了，真的是硬生生被看坏的，哈哈。。。可惜现在再想买，已经没有以前那种版本的了。。内容上也毫无新意，可能是人长大了，评判...
62,西游记（全二册）,吴承恩,人民文学出版社,2004,47.2,9.1,https://book.douban.com/subject/1029553/,这篇文章意图反驳两种西游解读：——《西游记》是一个“黑暗的恐怖故事”，反映了人性最黑暗的部分；周星驰拍的暗黑西游才是“真正的西游记”。——孙悟空是一个反抗失败的悲剧英雄；唐僧是“封建大家长”；《西游记》是在反叛的外衣下宣扬“封建伦理纲常”；周星驰的颠覆...
63,鼠疫,[法] 阿尔贝·加缪,上海译文出版社,2013,34.0,9.1,https://book.douban.com/subject/24257229/,前天有一位朋友对我说他觉得大学四年他是堕落了，我们很多人特别是那些认真生活的人都会有这种负罪感。也许在这样的和平年代，个人的生活才显得如此重要。在加缪的小说《鼠疫》中，那些身处瘟疫中的人们大概不会为这种事情烦恼，因为更大更深刻的痛苦和恐惧摄住了它们的身心和...
64,嫌疑人X的献身,[日] 东野圭吾,南海出版公司,2008,28.0,8.9,https://book.douban.com/subject/3211779/,这篇书评可能有关键情节透露重读一本第一遍阅读无比激动的书还是很有好处的，就像猪八戒细细品尝人参果，又像西门庆慢慢调弄葡萄架下的潘金莲。没有初次的那种饥饿感，也知道哪里有寻幽访胜的好处。但初衷往往都是为了狠狠地再纵欲一次然后彻底遗忘，就像危险的关系里伯爵夫人说的，除非想和对方分手...
65,黄金时代:时代三部曲,王小波,花城出版社,1999,19.0,8.9,https://book.douban.com/subject/1089243/,波哥的小说《黄金时代》最后两段是这么写的：“陈清扬说她真实的罪孽，是指在清平山上。那时她被架在我的肩上，穿着紧裹住双腿的筒裙，头发低垂下去，直到我的腰际。天上白云匆匆，深山里只有我们两个人。我刚在她屁股上打了两下，打得非常之重，火烧火撩的感觉正在飘散。打...
66,傲慢与偏见,[英] 奥斯丁,人民文学出版社,1993,13.0,8.9,https://book.douban.com/subject/1083428/,同样一个问题，《傲慢与偏见》里面的所有女人放到现实中来，你会想娶哪一个？我刚进大学的时候在学生会呆过一段时间，后来因为自由和懒惰的缘故慢慢退了出来，有天有个外系的同学跟学生会某个跟我共事过的MM打听我的情况，她么，那个MM顿了顿，是个很聪明的女生。聪明，这...
67,史记（全十册）:（全十册）,司马迁,中华书局,1982,125.0,9.5,https://book.douban.com/subject/1077847/,读《史记》，时时都有司马迁。哪怕他并非是这个世界的创造者。你跟着他，他叫你，看这个，看那个，他叫你大概看看，他叫你仔细听好，你都亦步亦趋地跟着。篇章终了，你会期待听到他的解读，你会深深回味他的一点感想——太史公曰。后世史官觉得这个格式很好用，于是依样画葫芦...
68,可能性的艺术:比较政治学30讲,刘瑜,广西师范大学出版社,2022,82.0,9.2,https://book.douban.com/subject/35819419/,已经很多年没有看过公共知识分子、“旻渚铝神”刘瑜的书了，上一次看她写的东西，还是在老夫的高中时代。那时天很蓝，云很白，她很美，时间当然也很快，想来不禁有种淡淡的忧桑......抱歉扯远了。我想说的是，当时我看的是刘老师的《旻渚的细节》和《观念的水位》，这两本都属...
69,悲惨世界（上中下）,[法] 雨果,人民文学出版社,1992,66.0,9.1,https://book.douban.com/subject/1205054/,□任晓雯1815年10月初，法国南部小镇迪涅。一个光头长须、肩扛布袋、手提粗棍的异乡人，敲开了卞福汝主教的家门。这天他已走了十二法里路，沿途受尽辱骂与恐吓。阿尔卑斯山的夜风，刺过衣裤的破洞，从四面八方袭击他。他有一张黄色身份证（当时带有前科、案底的假释证明），...
70,始于极限:女性主义往复书简,[日] 上野千鹤子,新星出版社,2022,59.0,9.0,https://book.douban.com/subject/35966120/,这篇书评可能有关键情节透露《始于极限》是一本什么样的书？《始于极限》收录了日本两位女人的12封书信往来。第一封信写成于2020年5月，最后一封信结尾于2021年5月。两位日本女性从自身生活经历的反思中，写下了关于女性的12个话题。这12个话题，看起来写的是两位女性作者的感受，可细读进去，时时处处都...
71,台北人,白先勇,广西师范大学出版社,2010,38.0,9.0,https://book.douban.com/subject/5337248/,读罢《游园惊梦》，我掩卷阖目，思绪纷乱之时，却忽地从脑海深处荡出一句掷地有声的诗词：众里寻他千百度，蓦然回首，那人却在灯火阑珊处。我心下诧异怎会生出这样没头没脑的评词，细细回味下，才恍然原来这心境正是源自于我对《游园惊梦》里钱夫人这一场了无痕的幽梦的哀叹...
72,永恒的终结:关于时间旅行的终极奥秘和恢宏构想,[美] 艾萨克·阿西莫夫,江苏凤凰文艺出版社,2014,32.0,9.1,https://book.douban.com/subject/25829693/,科幻小说不能多看，尤其是涉及终极思考的那种。因为它会轻易地把你从现实世界里抽离出来，让你看到时空是多么广大，生命是多么渺小，你的存在，甚至一切的存在是多么的无意义。它会给你带来强烈的美感，继而是空虚，最后是恐惧，最强的迷幻剂不是达利，不是平克佛洛伊德，是阿...
73,诗经,孔丘 编订,北京出版社,2006,19.9,9.5,https://book.douban.com/subject/1883245/,据说汉人取名讲究“女诗经，男楚辞，文论语，武周易”，不知这种说法从何而来，不过现代人取名字确实很喜欢引经据典。这是好事。今人多有数典忘祖的倾向，外国语大学遍布全国，却不曾听说有一个国学学院（据说有还是有的，不过都相当低调）。取名的时候，终于想到祖宗了，于是...
74,刘擎西方现代思想讲义,刘擎,新星出版社,2021,79.0,9.2,https://book.douban.com/subject/35313227/,这篇书评可能有关键情节透露我们大部分人对哲学的认识还停留在中学阶段。包括我，80后，理工出身的普通人。普通到，平时听说身边谁谈论哲学，就内心一顿鄙视：什么人生的意义？什么我是谁？我从哪里来？要到哪里去……装逼吧！我们聊聊明星八卦、美国大选，吐槽下老板，研究下职场政治，絮叨絮叨教育...
75,孽子,白先勇,广西师范大学出版社,2010,46.0,9.2,https://book.douban.com/subject/5337254/,白先勇是我非常喜欢的一位作家。如果让我选出最喜欢的作家，自己才疏学浅，阅览相当有限，我会选他。看他写的短篇或者中篇，常常看到心中暗惊。怎么可以有人把人情世故写得如此透彻又不露痕迹呢？真的是这样，“人情”和“世故”。是心中相当有沉淀的人，才会有这样的胸臆，胆...
76,太白金星有点烦,马伯庸,湖南文艺出版社,2023,45.0,9.0,https://book.douban.com/subject/36328704/,这篇书评可能有关键情节透露作为从零几年就开始关注亲王的老粉，《太白金星有点烦》让我想起他早年的那些作品：借用大家熟知的故事进行脑洞大开的新编，尽情戏谑恶搞，同时又保证剧情层出不穷的惊喜，逻辑上还能做到严丝合缝。这部书所讽刺的对象众所周知，我相信只要有过体系内工作经验甚至对此有点了解...
77,历史深处的忧虑:近距离看美国之一,林达,生活·读书·新知三联书店,1997,19.0,9.0,https://book.douban.com/subject/1027191/,可以说我是从看林达的三部曲才开始对美国社会状况和政治制度感兴趣的。正是林达高超的讲故事才能将我引进了这扇门。但是在我对美国社会的运转机制有了一些了解之后，我才开始发现林达的局限性。看第一本的时候，我常常读一段就停下来思考一下作者传达的美国人的基本观点、历史...
78,神雕侠侣,金庸,生活·读书·新知三联书店,1994,76.8,8.9,https://book.douban.com/subject/1255624/,最近又重新啃了神雕侠侣这书，有些零零碎碎的想法想和大家讨论讨论。犹豫了一阵子，好像先发到这个吧里比较适合，希望能找到有相同想法的朋友。。。因为想到哪儿写哪儿，所以零散了些，勿见怪。最近重看神雕，与以前的观感实在是大相径庭。小时候看神雕，只有一个主角视角...
79,上帝掷骰子吗:量子物理史话,曹天元,辽宁教育出版社,2006,32.0,9.2,https://book.douban.com/subject/1467022/,如今的网络时代是个人人可做写手的年代，每个人都可以在各类网站上尽情的长篇大论，有人写爱情故事，有人写玄幻小说，有人写鸡毛蒜皮。而这位曹天元比较“另类”，他居然写起了量子物理史话，因为少见，所以他的工作在科普缺乏的中国更显得特别突出。这本《上帝掷骰子...
80,美丽新世界,【英】奥尔德斯·赫胥黎,上海译文出版社,2017,45.0,9.2,https://book.douban.com/subject/27002046/,2503年，一个婴儿养育室里。护士们在地板上摆了一堆图书和鲜花，然后把一群长得一摸一样的、8个月大的婴儿放到了地板上。婴儿们看到图书和鲜花，飞快地爬过去，拿起来玩耍。这时候，长官一声令下，护士长启动电路装置，一时间，刺耳的警报响起，地板被通上了电，触电的...
81,一个叫欧维的男人决定去死,[瑞典] 弗雷德里克·巴克曼,四川文艺出版社,2015,35.0,9.1,https://book.douban.com/subject/26672693/,文/smarttree不要被这样一个书名蛊惑到了。“一个叫欧维的男人决定去死。”仿佛这是一本求死之书，悲伤，灰暗，沉痛。不不不，当然不是这样！原文的书名是AManCalledOve，“一个叫欧维的男人”，就这样，没有“决定去死”。这么一看，这本书应该讲的是欧维的一生。从某种...
82,哭泣的骆驼,三毛,哈尔滨出版社,2003,15.8,9.0,https://book.douban.com/subject/1029111/,看了三毛所有的书，觉得她的性格很双重，她一生的悲剧在于太浪漫。但是很执着，我就要一生向着浪漫去，去的无所畏惧，立场决不动摇。她的书中很多避弃了自己苦难的历程。毕竟描述梦境是美丽的，甚至她自己也分不大清自己究竟是生活在梦里还是梦外了。她的勇敢完全是对自己真正...
83,灿烂千阳,[美] 卡勒德·胡赛尼,上海人民出版社,2007,28.0,8.9,https://book.douban.com/subject/2143732/,看《灿烂千阳》几乎一气呵成，我对亲睐的作者的书常常就是这样迫不及待，看完了去豆瓣网上眯大家的评论，看到此书的翻译者李继宏很有意思的声明，他说“灿烂千阳”这个名字是出版社未经他同意擅自更改的，他的语调颇为气愤，他说这本书的译名应该是“一千个灿烂的太阳”...
84,唐诗三百首,蘅塘退士,中华书局,1984,0.65,9.4,https://book.douban.com/subject/1013267/,一直就想写这个人，迟疑到今天。有人曾说李白是天才，杜甫是地才，王维是人才。苏轼之后便喜欢上了王维，越来越觉得这实在是一个生错年代的人。盛世之唐，那是一个开放甚于今天的年代，那是一个狎妓风流的年代，那是一个狂放不羁的年代。而王维，用我们今天的眼光来看...
85,文学回忆录:1989—1994,木心 口述,广西师范大学出版社,2013,98.0,9.1,https://book.douban.com/subject/20440644/,这篇书评可能有关键情节透露木心讲文学史，讲得兴高采烈，如数家珍。我看得心痒难耐，真想把那些优秀的作品统统找来读一读。跟朋友聊起，她也这样觉得。所以把木心的书单整理了一下，以免大家再零零散散，到处搜集。说明：1、从中世纪开始，太古老的懒得看了。2、中国的书没在名单之列。3、目前只是整...
86,四世同堂,老舍,北京十月文艺出版社,2008,36.0,9.4,https://book.douban.com/subject/3183775/,对于日战，我没有什么好说的。但对于家庭，这本书看的我很迷茫。好像是蔡康永说的，看中国人的书，总觉得不爽气，因为家族层层叠叠地挤压，故事里的主角都活的很憋屈。这么想想，的确是这样，关于战争和生活的，在俄国小说里，比如战争与和平，男主角安德烈拷问的永远是自...
87,美的历程,李泽厚,生活·读书·新知三联书店,2009,43.0,9.2,https://book.douban.com/subject/3410718/,高中历史书的第一课就从中国古代文明开始讲起，长篇累牍地讲述从石器时代到青铜时代再到铁器时代的变迁。得出的结论异常简单：器物演变的根本原因是生产力的发展。铁器质地坚硬、易采集，溢美之词基本全献给了铁器，青铜器被戴上一顶叫“历史局限性”的大帽，中看不中用，简...
88,窗边的小豆豆,[日] 黑柳彻子 著,南海出版公司,2003,20.0,8.8,https://book.douban.com/subject/1007914/,“上善若水”，《窗边的小豆豆》充满了如流水般和谐自然的韵律。《窗边的小豆豆》，作者黑柳彻子，是继奥黛丽•赫本后联合国儿童基金会的第7任亲善大使。这本讲述作者童年生活的自传性的小书，“不仅带给全世界几千万读者无数的笑声和感动，而且为现代教育的发展注入了新的活...
89,最好的告别:关于衰老与死亡，你必须知道的常识,[美] 阿图·葛文德（Atul Gawande）,浙江人民出版社,2015,54.9,9.0,https://book.douban.com/subject/26576861/,这篇书评可能有关键情节透露有一天早上，无风无雨，我背着重重的电脑包出门，心里惦记着几个当天务必要审阅完的交易文件。对方律师的修改繁琐而絮叨，一如大多数律师的顽固和坚持，还带着点玩弄英文语法和法律术语的沾沾自喜，宛如我的一面镜子。早上起来给蝈蝈脱去睡衣再穿上衣服的过程让我汗如雨下，我...
90,人间词话,王国维,上海古籍出版社,1998,9.8,9.0,https://book.douban.com/subject/1203426/,这篇书评可能有关键情节透露按其论述重点进行归纳整理，发现全书主要讨论了如下几大问题，最核心的，一是境界理论，二是历代词评。诗词境界说：上卷的1-9节均是讲此理论。还有下卷的第13节。他推崇以“境界”来品评词作水平之高下。何谓之“境界”？我以为即是词人在作品中所构建出的一种超现实的、...
91,绝叫,[日] 叶真中显,北京联合出版公司,2020,58.0,8.9,https://book.douban.com/subject/35031587/,这篇书评可能有关键情节透露无法依靠的家庭，无法生育的窘迫，以及为了生存而不断深陷的绝境，面对这样的人生一个人将会何去何从？或许有不少人会因为如此丧的境遇而一蹶不振，甚至放弃自己的生命，但是日本推理小说家叶真中显却借由《绝叫》一书，为人们展现了另一种人生——即便在烂泥中摸爬滚打，最终...
92,呼兰河传:1947年版本・原版珍藏,萧红,百花文艺出版社,2005,19.0,9.0,https://book.douban.com/subject/1060852/,萧红的书，这是我第一次看，竟觉得再没有一个女作家能及得上她。那些字句，最平常不过，却在心里一点一点蚀出一个大坑，空空落落的直想落泪。常道人生是苦乐参半，有时乐观一点，就把吃苦当吃补，斩钉截铁对自己说只要努力奋斗，总会有柳暗花明的一天。憋着挺着，不敢松懈，...
93,罪与罚,[俄] 陀思妥耶夫斯基,上海译文出版社,2006,23.0,9.3,https://book.douban.com/subject/1858568/,试图评论陀斯妥耶夫斯基的小说，无疑需要勇气与底气，我几乎不敢下笔。面对如此深刻丰富的主题、高超的情节安排、严密的逻辑构架、对人的心理活动的真切把握、透彻的现实洞见、长远卓越的见识，我的任何理解与评论都可能显得可笑与肤浅。我只有尝试着挑出这本小说的冰山一角，...
94,冬牧场,李娟,新星出版社,2012,29.8,9.0,https://book.douban.com/subject/10522856/,2011年一个初秋的夜晚，我窝在被子里看《阿勒泰的角落》，从《离春天只有二十公分的雪兔》，到《看着我拉面的男人》，再到《河边洗衣服的时光》，越看越激动。怎么形容那种心情呢？就是你在一条尘土漫天的路上走了很久很久，眼前一片灰败，突然一转头，发现脚边开着一...
95,道德经,黄元吉,陕西人民出版社,1996,4.5,9.5,https://book.douban.com/subject/1059258/,读了两天《道德经》和一些后人的注释理解。心中有很多很多想法。体会到很多以前从没有过的感受。思维激烈碰撞，感觉有一股清净之气游走在身体的四肢百脉，奇妙之处无法为外人道（我确定我不是开玩笑的，也从来从来没有读过修真小说）。后来洗碗的时候看见水，突然想到，水不...
96,棋王·树王·孩子王:阿城文集之一,阿城,江苏凤凰文艺出版社,2016,58.0,9.3,https://book.douban.com/subject/26734559/,这篇书评可能有关键情节透露《棋王》是阿城的处女作，1984年发表于《上海文学》，一时引得文坛瞩目，人人争睹为快。后来登陆台湾，又教台湾读者和文学界对大陆文学刮目相看，甚至掀起一股“大陆热”（电影版《棋王》亦是在台湾拍成）。“寻根文学”大兴是在1985年之后，阿城可谓发其先声。《棋王》被誉...
97,看见,柴静,广西师范大学出版社,2013,39.8,8.8,https://book.douban.com/subject/20427187/,坦白地说，我并未看过柴静主持的节目，除了她采访卢安克那期，网上看的。采访拍得好，我的注意力都放在卢安克和广西留守儿童们身上，根本没留意记者是谁。我认识柴静，是她的博客，写作家野夫那篇。这人写得好，不是舞文弄墨那种好，很少能找见她用什么特别出挑或艰涩的词句；...
98,也许你该找个人聊聊,[美]洛莉·戈特利布,上海文化出版社,2021,68.0,9.0,https://book.douban.com/subject/35481512/,生而为人，总有不易。而失败和失去则是生而为人的一部分。2019年美国亚马逊最佳传记和回忆录《也许你该找个人聊聊》讲述了发生在心理治疗室中五位受访者的人生故事，作者怀抱同情与理解，更以无比诚实和理性的态度剖析爱与被爱、遗憾、选择、控制、不确定、死亡这些人们共同...
99,离开的，留下的:那不勒斯四部曲3,[意] 埃莱娜·费兰特,人民文学出版社,2017,62.0,8.9,https://book.douban.com/subject/27104959/,啊呸！黑格尔或朝黑格尔吐口水SPUTIAMOSUHEGEL作者：卡拉·隆奇CarlaLonzi英译者：维罗妮卡·纽曼VeronicaNewman翻译：路米内&amp;小南玩小南女性问题，就是任一女人（被剥夺了她的权力、历史、文化和她自身的角色）与任一男人（即任一男人的权力、历史、文化...
100,浪潮之巅,吴军,电子工业出版社,2011,55.0,9.0,https://book.douban.com/subject/6709783/,在这次近一个月的旅行中，除了参访、学习、吃喝玩乐以外，我也抽空读完了一本书——《浪潮之巅》。我觉得这是一本好书，所以想推荐给大家。如果有未竟或者偏颇之处，恕我查访未周。《浪潮之巅》是一本介绍互联网及IT行业（或者更广义地说，是TMT行业）兴衰变化的书，书中的内...
101,毛泽东选集第一卷,毛泽东,人民出版社,1991,40.0,9.6,https://book.douban.com/subject/1139360/,如果不是逼不得已，我想我不会打开毛选的，毕竟我曾经买过《邓选》和《朱镕基讲话实录》，都不曾想读毛选。毛主席的伟大似乎停留在爷爷辈，当下流行的是否定他。我也不明所以的觉得他不好，甚至不给他任何申辩的机会。直到闪主席退休把他书架上所有的书都送给了我，包括那套毛...
102,叫魂:1768年中国妖术大恐慌,[美] 孔飞力,生活·读书·新知三联书店 上海三联书店,2014,38.0,9.2,https://book.douban.com/subject/25912076/,叫魂读书报告一、孔飞力（PhilipA.Kuhn，1933—）个人简介1933年出生于伦敦。但在美国度过了其中学、大学生涯。除了青年时期短暂的三年从军岁月，他的一生几乎都在学校，尤其是哈佛大学度过的。他有过两次婚姻，第一任妻子正是他在哈佛大学东亚研究中心求学的恩师——费...
103,爱你就像爱生命,王小波,上海锦绣文章出版社,2008,18.0,8.8,https://book.douban.com/subject/3071717/,爱你就像爱生命。这本书我是带着点不好意思看完的。要说看得真有点晚，因为我一贯信奉人的幸福始终是“自给自足”的，幸福是不可言说的事情，你怎么能够告诉别人你有多幸福欢愉呢？因为，那毕竟是一种非理性癫狂状态啊。所以，在一定意义上可以这么说，情话往往等同于...
104,桶川跟踪狂杀人事件,[日] 清水洁,四川人民出版社,2021,45.0,9.0,https://book.douban.com/subject/35094680/,这篇书评可能有关键情节透露1999年10月26日，在还有不到两个月就跨入新世纪的时候。猪野诗织，一个21岁的女生，在人潮涌动的埼玉县JR线桶川站前遭人持刀刺死。令人震惊的是，诗织早就知道自己要被杀死，并且留下了凶手的名字。然而，案件并没因此变得简单，警方反而因为荒唐的理由，迟迟不能追查抓捕凶...
105,失明症漫记,[葡] 若泽·萨拉马戈,南海出版公司,2014,29.5,9.1,https://book.douban.com/subject/20428302/,一“肉眼上的失明，代之以灵性的视域，足以补偿”。受荷马、弥尔顿和博尔赫斯的干扰，人们往往把失明看作是另一种光明的开启，与一种超自然的力量拉上关系。富有讽刺意味的是，《失明症漫记》中，当整个城市都失明了，社会没有开启我们期盼的“另一种光明”。社会秩序迅速垮...
106,我们仨,杨绛,生活·读书·新知三联书店,2003,18.8,8.8,https://book.douban.com/subject/1023045/,最近学车，在市区与郊区间奔波。于是在班车上看完杨绛先生的《我们仨》。说实话这本早就被捧得沸沸扬扬的书之所以拖到今天，是因为我对钱钟书的了解还仅限于《围城》。可就在翻到目录的一瞬间，我知道这次它给我的感动将不同以往。第一部：我们俩老了。第二部：我们仨失散...
107,人生的枷锁,[英] 毛姆,上海译文出版社,2007,32.0,9.1,https://book.douban.com/subject/2035171/,1枷锁《人性的枷锁》是一个讲主人公菲利普如何抛弃人生的种种枷锁，终于获得精神自由的故事。菲利普天生患有腿疾，父母早亡，小小年纪被送去古板守旧的伯父家寄养。作为神父的伯父对小菲利普并无亲爱之情，为人自私冷漠，造成了这个早熟的孩子愈加敏感害羞的个性。菲利普的...
108,看不见的城市,[意] 伊塔洛·卡尔维诺,译林出版社,2012,25.0,9.0,https://book.douban.com/subject/10555509/,M，既然你让说说深圳，那我就说说吧，可是我又有什么可说的。深圳于我并没有什么特殊的意义，它是一片森林，我是一片叶子，也许我只是想找个隐藏自己的地方。有时深圳是一片大海，我只是浮在它上面的一个小小的浮漂物，我从来没有走向它的深处，有时你会发现我在这个城市街道上...
109,受戒:汪曾祺自选集,汪曾祺,漓江出版社,1987,3.95,9.4,https://book.douban.com/subject/1760432/,【先生文之短】先生花甲之年发表《异秉》《受戒》，引起轰动。时人谓“汪曾祺大器晚成”。先生谦虚地说：“我绝非‘大器’，‘晚成’倒是真的。”先生一生写短篇，家乡高邮的风物和童年的记忆全部成了可以蕴藉感情的载体。让心沉静下来，细读先生的文章，真是感觉得到一种如...
110,教父,[美]马里奥·普佐,译林出版社,1997,23.3,9.0,https://book.douban.com/subject/1092335/,巴尔扎克说过，在巨大的财富背后，都隐藏着罪恶。这句话，出现在这部小说——《教父》——的开篇。这位伟大的批判现实主义作家，很难得说出了一句这样绝对的话，也许很多人会毫不犹豫地否定它，但是细细想来，事实又是怎样呢？书中的“教父”——考利昂老头子，从来喜怒不形...
111,海子的诗,海子,人民文学出版社,1999,15.4,9.0,https://book.douban.com/subject/1011754/,梵高33岁在金黄的麦田里被太阳灼烫得遍体鳞伤，然后割掉耳朵向自己的肚子开上一枪；柯本27岁在愤怒的呐喊之后回归无声的呻吟，受够胃痛和精神压力的双重折磨之后绝望的开枪射向头部；海子26岁在铜色的亚洲大地上山海关暮色的壮影里让象征工业时代的火车碾过了流着麦子和...
112,巨人的陨落:世纪三部曲,[英] 肯·福莱特,江苏凤凰文艺出版社,2016,129.8,8.9,https://book.douban.com/subject/26698660/,这篇书评可能有关键情节透露肯·福莱特的《巨人的陨落》这本书中描写了一战前后六个家族的兴衰变化：英国菲茨赫伯特家族、德国冯·乌尔里希家族、俄国别斯科夫家、威尔士威廉姆斯家、美国杜瓦家和维亚洛夫家，整个故事从1911年写到1924年，主线人物覆盖了第一次世界大战的主要参战国（除了法国），涉及了...
113,人生的智慧,(德)叔本华,上海人民出版社,2008,28.0,9.2,https://book.douban.com/subject/3261600/,这是一本让人禁欲的书。看完此书，再看看摆满书店的成功学，真有啼笑皆非之感。【大叔的话】1.欲望是一切哲学不证自明的真理。2.人，要么庸俗，要么孤独。3.我的哲学令人不快，因为我说出了真理。人，就应该这样自信！4.谦虚对才华无奇的人来说，只是一种诚...
114,少年凯歌,,人民文学出版社,2001,10.0,9.4,https://book.douban.com/subject/1091203/,几天前，把《少年凯歌》（即《我的红卫兵时代》《我们都经历过的日子》《龙血树》）仔细读过两遍，惊叹不已，百感交集。我想，陈凯歌如果不是半路上改变人生理想做了导演，按照少年时的思路发展下去，如今他的文学成就不会在当代任何一位散文家之下。至少，压倒余秋雨是没有悬...
115,飞鸟集,[印] 罗宾德拉纳德·泰戈尔,哈尔滨出版社,2004,16.8,8.9,https://book.douban.com/subject/1058661/,冯唐说自己：写诗第一，小说第二，杂文第三。有趣的是，他以小说闻名，读过他的诗的人反倒寥寥无几。这是冯唐的自我认知与大众认知之间的偏差。冯唐自有一条“金线”理论：“文学的标准的确很难量化，但是文学的确有一条金线，一部作品达到了就是达到了，没达到就是没达到，对...
116,斯通纳,[美] 约翰·威廉斯,上海人民出版社,2016,49.0,8.8,https://book.douban.com/subject/26425831/,等玩够了，找个老实人嫁了……是一种年轻人经常交流，试探三观的都市传说。每一个自以为老实男人的心里，都会有这样一种恐惧，害怕自己看上的姑娘，没有看上自己，只是“玩够了，找个老实人嫁了。”其实我一直对这种担忧不以为然，如果你看上这个姑娘，又实在识破不了她的伪...
117,遥远的向日葵地,李娟,花城出版社,2017,38.0,9.1,https://book.douban.com/subject/27184303/,
118,鹿鼎记,金庸,广州出版社 花城出版社,2008,108.0,8.9,https://book.douban.com/subject/1212893/,难听地说，鹿鼎记是一部“厚黑学”，好听地说，鹿鼎记是一部人际关系百科全书。无论如何，它都可以说是最不像武侠小说的武侠小说，也是最真实的武侠小说。或许正因为它的真实，金庸不敢给这些众所周知的历史人物太离奇的武功，康熙鳌拜自然只是摔跤厉害，吴三桂郑克双塽罗刹公...
119,茶馆,老舍,人民文学出版社,2002,9.8,9.2,https://book.douban.com/subject/1036613/,这篇书评可能有关键情节透露高中时的语文老师很是喜欢老舍，经常在课上，随意便可拈来一段。只是那时的自己，看腻了课本里嚼蜡般的平淡文字和试卷上离奇似的阅读答案，年少轻狂，更倾心于那些跌宕起伏的情节以及虚华似雾的辞藻。最初看各种武侠言情，自以为文艺，东施效颦般写些矫情至极...
120,克莱因壶,[日] 冈岛二人,化学工业出版社,2019,48.0,8.9,https://book.douban.com/subject/33658616/,这篇书评可能有关键情节透露关于《克莱因壶》的内容解析，前面文章说的很多，不再赘述。这里我只想就篇末《解说》的真实作者做一些“自认为”合理的推测。作为一个推理迷，在之前阅读的所有推理小说里，从未在篇末见到过类似本书里《解说》的文章。毕竟一千个读者心中会有一千个哈利波特，啊不，哈姆雷特...
121,一间只属于自己的房间,[英] 弗吉尼亚·伍尔夫,天津人民出版社,2019,45.0,9.2,https://book.douban.com/subject/34835082/,今年的冬天来得很快，气温骤降。11月24日下午，韩国女星具荷拉被警方发现在家中死亡，疑似自杀。她是女团KARA的人气成员，91年生，17岁便出道了。同时，她还有一个身份，雪莉的好友。一个月前，在雪莉去世的时候，她还说要“带着雪莉的那一份，勇敢地活下去”。▲具荷拉和雪...
122,边城,沈从文,北岳文艺出版社,2002,12.0,8.7,https://book.douban.com/subject/1057244/,这篇书评可能有关键情节透露——再读《边城》我一辈子走过许多地方的路，行过许多地方的桥，看过许多次数的云，喝过许多种类的酒，却只爱过一个正当最好年龄的人。——沈从文俱为女子，我却原本并不喜欢翠翠。十四、五岁时第一...
123,陆犯焉识,严歌苓,作家出版社,2011,35.0,8.9,https://book.douban.com/subject/6880158/,这本书是爱人排了三个小时的队签售回来的。严歌苓喜欢用那种千帆过境，原来你就在这儿的桥段。比如《一个女人的史诗》，又比如这本《陆犯焉识》。都是那种，两个人被迫捆绑在一起，先是男人怎么都不爱自己的妻子，而妻子又是把自己的丈夫当偶像一样崇拜着高不可攀地爱着。...
124,人间草木,汪曾祺,江苏文艺出版社,2005,20.0,9.2,https://book.douban.com/subject/1253310/,“已识乾坤大，犹怜草木青”，语出儒学大师马一浮《旷怡亭口占》：流转知何世，江山尚此亭。登临皆旷士，丧乱有遗经。已识乾坤大，犹怜草木青。长空送鸟印，留幻与人灵。“已识乾坤大，犹怜草木青”，多么温柔的一句话呀！即便是经历世事沉浮、阅尽人间沧桑，当俯下身子...
125,梦里花落知多少,三毛,北京十月文艺出版社,2007,28.0,8.8,https://book.douban.com/subject/2070844/,三毛是一路读来的作家，她长居我的心间。不时翻翻她的作品，每读一遍便会更加熟习，亦会多新的感受。也许有时会没了新鲜感，但是那份老朋友般的感受已然形成，便愈加割舍不下。一直伴着三毛活灵活现展现在书中的便数那西班牙老公荷西了。读三毛全集的前几册，竟甚至...
126,筚路维艰:中国社会主义路径的五次选择,萧冬连,社会科学文献出版社,2014,45.0,9.5,https://book.douban.com/subject/26171466/,在哲学中，有一个名为“忒修斯之船”的著名问题：如果忒修斯的船上的木头被逐渐替换，直到所有的木头都不是原来的木头，那这艘船还是原来的那艘船吗？近代以来中国共产党对于马克思主义理论的运用及对社会主义建设的探索，可以说就是在一艘“忒修斯之船”上缝缝补补、上下求索...
127,额尔古纳河右岸,迟子建,人民文学出版社,2019,32.0,9.1,https://book.douban.com/subject/34432750/,对于阅读者来说，迟子建是一个令人放心的作家，也就是说，她不会让你失望。在读《额尔古纳河右岸》之前，这种信心主要来自于她的中短篇小说和为数不多的散文。我至今仍可历数她至少十篇以上给人印象深刻的中短小说篇名，比如《清水洗尘》、《雾月牛栏》、《白银那》、《...
128,十万个为什么,,少年儿童出版社,1962,30.0,9.2,https://book.douban.com/subject/2160556/,小时候，如果考试成绩好，我就可以得到一件想要的礼物：一块开满蓝色小花的白手绢，一盒十二种颜色的铅笔，一条红色玻璃心的项链，一套《十万个为什么》。我记得一共有十四本，有的科目分上下两册，封面都是红黑相间的图案，它们装在一个大纸盒里，这对于只看过成套...
129,时间简史:插图本,[英] 史蒂芬·霍金,湖南科学技术出版社,2010,45.0,8.9,https://book.douban.com/subject/1034282/,这本科普读物我前前后后看了6年。2003年初，我浏览了书中所有的彩图、注释及部分章节，这一切对于当时的我来说充满新奇却也过于深奥。2007年夏，我又拿起了这本平时只当是插画书信手翻看的精装硬皮书，认认真真地读了前五章，到第五章涉及量子物理时候彻底晕了。于是再次放下了...
130,面纱,[英] 威廉·萨默塞特·毛姆,江西人民出版社,2016,39.8,9.0,https://book.douban.com/subject/26757680/,这篇书评可能有关键情节透露良心书评！全文7千多字！翻了很多次书，码字了一个月的晚上，不好看你捶我。🙇♀️1《论自助》中说：我们能从伟大的作品中发现并重见被自己摒弃的思想。毛姆的作品——《面纱》就有这样的作用。我曾想，自己会不会因所谓的真爱做第三者，我曾想，会不会难以忍受伴侣的...
131,西线无战事,[德] 埃里希·玛丽亚·雷马克,上海文艺出版社,2021,49.0,9.4,https://book.douban.com/subject/35272817/,有许多人谈论战争，他们谈论战争的词句如同少男们谈论一场兴趣盎然的魔兽比赛，或者少女们谈论一场郊游计划那样轻松热烈。他们都自信在战争中会成为英雄。他们都希望在枪林弹雨中建树功勋，在炮火硝烟中获得荣誉。谈到牺牲，他们轻松地说：“人固有一死嘛！”他们甚至是在期待...
132,王尔德童话,[英] 王尔德,译林出版社,2003,6.0,9.1,https://book.douban.com/subject/1119839/,这篇书评可能有关键情节透露除了安徒生之外，最爱的童话是王尔德的.这个抛妻弃子因不伦之恋入牢饱受非议的作家笔下，荒野玫瑰般爱恨交织陷入狂恋不能自拔、会跳七重纱之舞的巴比伦公主莎乐美，充满血腥和强夺的死亡之吻。写给孩子的童话里面满满溢出的尽是些苦涩的甜美的爱情。一、西班牙公主的生日为庆...
133,金色梦乡,[日] 伊坂幸太郎,译林出版社,2010,35.0,9.0,https://book.douban.com/subject/5038409/,《金色梦乡》编辑手记……2016年6月底，我拿到了《金色梦乡》的译稿。我知道，伊坂幸太郎的这部作品，无论是在日本还是中国的伊坂迷心中，都占有绝对重要的位置。毋庸置疑，这是伊坂幸太郎最重要的代表作。其实，《金色梦乡》已经在中国内地出过简体版，但已绝版多年，网络上...
134,小径分岔的花园,[阿根廷] 豪·路·博尔赫斯,上海译文出版社,2015,23.0,8.9,https://book.douban.com/subject/25796120/,薄薄的一本，一共只有99页，竟然塞进了七个短篇小说。可其中所包含的信息量，个人感觉丝毫不逊色于那些几百万字的鸿篇巨作。水平差的作者，为了表达一个想法，堆砌着人物和情节，加上直白的心理描写，恨不得直接亲自入戏，用作者的画外音告诉读者：“我想表达的是这个意思！读...
135,这些人，那些事,吴念真,译林出版社,2011,28.0,8.8,https://book.douban.com/subject/6388661/,医院的住院部是个和外界不搭界的地方。这里干净，散发着84的气味，白色帘子把阳光都遮住，下午，人都睡思昏沉。病房里有三张床。我婆婆靠门，中间床是个老妇人，和她一天进来。她们都已经住了半月余。靠窗子的六号床则一直在换人。起先是个形容枯槁的中老年女性，陪同的年...
136,1367:陳浩基作品2,陳浩基,皇冠文化出版有限公司,2014,350.0,9.1,https://book.douban.com/subject/25897884/,第二章的结束部分，小明很奇怪唐颖只涂了三个脚趾的黑色趾甲油，唐说因为杀害老爸人的有十个，现在只被捕了三个，每抓住一个凶手就涂一个趾甲；而在第一章中操作电脑的苹果的装扮是“脚上穿着凉鞋，露出涂上黑色趾甲油的十根脚趾头。”而且一直戴着关神探赠送的那顶棒球帽。...
137,流俗地,【马来西亚】黎紫书,北京十月文艺出版社,2021,55.0,9.2,https://book.douban.com/subject/35430425/,《流俗地》完成后，我舒了一口气，第一时间去泡了一杯咖啡，作为犒赏。是的，不是别的，是一杯咖啡。这杯咖啡对我有非凡的意义，没上过咖啡瘾的人难以想象。我喝咖啡的年资很深，自以为成了瘾，可是在写作《流俗地》期间，身体出了意想不到的状况，严重胃酸逆流，不得不戒口，...
138,昨日的世界:一个欧洲人的回忆,[奥] 斯蒂芬·茨威格,广西师范大学出版社,2004,32.0,9.3,https://book.douban.com/subject/1062343/,一经常听人说中国现在的有钱人都是暴发户，不是贵族，培养一个贵族要几百年云云。今天的中国人对贵族这个词有一种说不清的迷恋。的确，自从满清覆灭，贵族这个社会角色已经消失百年了。当今天人们刚刚积累了一点财富时，就开始惦记培养贵族，大概是潜意识里对...
139,平面国:多维空间传奇往事,[英] 埃德温·A.艾勃特,上海文化出版社,2020,39.8,9.2,https://book.douban.com/subject/35170896/,文/鲁冬旭许多读者恐怕对《平面国》并不熟悉，至少我在开始翻译前对其知之甚少：除了《生活大爆炸》里谢尔顿的推崇，我压根没在别处听说过这部作品。1884年出版，作者埃德温·A.艾勃特是牧师、神学家、古典文学学者、公立学校校长——成书年代和作者的身份都让我下意识想拒...
140,我的天才女友:那不勒斯四部曲1,[意] 埃莱娜·费兰特,人民文学出版社,2017,42.0,8.7,https://book.douban.com/subject/26878124/,"这篇书评可能有关键情节透露最近看了《那不勒斯四部曲》，这套书一共有四本，占领豆瓣2017年高分小说no.1,ins上超过3万人都在追的小说，而作者作家埃莱娜·费兰特因这本书成为了“全球最具影响力的100人物”之一。豆瓣一网友评论说：这本书告诉了女人为什么不能太早结婚，以及为什么要坚持读书。这本..."
141,南京大屠杀:第二次世界大战中被遗忘的大浩劫,[美]张纯如（Iris Chang）,中信出版社,2015,49.0,9.7,https://book.douban.com/subject/26545308/,张纯如简历1968年3月28日，生于美国新泽西州普林斯顿。1968-1989年，在伊利诺斯大学香槟城校区随研究物理和微生物学的父母亲成长。1989年，获得伊利诺斯大学新闻学学士学位。1990年，担任《芝加哥论坛报》记者，撰写重要新闻稿。订婚。1991年，获得约翰.霍普金斯大学写...
142,绿毛水怪,王小波,时代文艺出版社,2009,30.0,9.1,https://book.douban.com/subject/3518332/,二十一年前，小波去世后，一帮年轻时代的好友约我出去散心，其中一位告诉我，小波的《绿毛水怪》在他那里。我真是喜出望外：它竟然还在！我原以为已经永远失去了它。《绿水毛怪》是我和小波的媒人。第一次看到它是在一位我们共同的朋友那里。这是一部小说的手稿。小说写在一...
143,一句顶一万句,刘震云,长江文艺出版社,2009,29.8,8.8,https://book.douban.com/subject/3633461/,刘震云53岁了，在公共场合里总是穿着一件对襟的黑色夹袄，说是妈妈亲手做的，这让他看起来很像个乡下来的手艺人。刘震云写小说已经写了30多年，故乡延津的老乡们不觉得当作家是个多荣耀的事儿，就是个靠编瞎话为生的说书人。所以他也不觉得写作是件多么高尚的事情，他最讨厌的...
144,你当像鸟飞往你的山,塔拉·韦斯特弗,南海出版公司,2019,59.0,8.7,https://book.douban.com/subject/33440205/,Educated是一个简洁有力的词，谁都可以读懂。但如果将它直译过来，是否还能保留这种力量？它的被动语态，既传递一种结果，又表达一种状态。“受过教育”和“教养”是这个词的两个层面，选择任何一个都无法完整地表达原意。“受教”更像一个抱拳的动作，生硬而有年代感。似...
145,2001：太空漫游:《太空漫游四部曲》第1部,[英] 阿瑟·克拉克,上海文艺出版社,2019,62.0,9.3,https://book.douban.com/subject/30471298/,-----------读阿瑟·克拉克《太空漫游》四部曲一，引言我是科幻小说迷，我觉得这没什么丢人的。我这么说是因为科幻小说现在在国内景象惨淡，各种魔幻，玄幻大行其道，搞得很多科幻小说的作者读者都跟着灰头土脸，被人鄙视。中国的科幻小说尚未形成一个完整的传统。...
146,长日将尽,[英] 石黑一雄,上海译文出版社,2018,48.0,8.9,https://book.douban.com/subject/30142261/,一、英格兰的男管家莫里斯•拉威尔曾在第一次世界大战后创作了著名的《圆舞曲》，乐曲的旋律如同散落一地的碎片，与以往欢快、优美、流畅的圆舞曲大相径庭。对此，拉威尔说，自从战争之后，维也纳的快乐已经不复存在，取而代之的是满目疮痍、支离破碎的家园。...
147,故事:材质·结构·风格和银幕剧作的原理,[美] 罗伯特·麦基,天津人民出版社,2014,68.0,9.2,https://book.douban.com/subject/25976544/,最早的一本《故事》，还是在上海的时候乌青送我的。前段时间，界面的朋友邀请我给麦基做个采访，于是把这本书又重读了一遍。跟两个小朋友说这事儿，他们非常兴奋，说是熟读麦基倒背如流，于是把他俩拉过来做采访主力。先是邮件采访，问题大都是远帆提的，麦基统一录视频回答问...
148,海的女儿,安徒生,上海译文出版社,1978,0.43,9.2,https://book.douban.com/subject/1765512/,“只有当一个人爱你，把你当做比他父母还要亲近的人的时候；只有当他把他全部的思想和爱情都放在你身上的时候；只有当他让牧师把他的右手放在你的手里、答应现在和将来永远对你忠诚的时候，他的灵魂才会转移到你的身上去，而你就会得到一份人类的快乐。他就会分给你一个灵魂，...
149,阿勒泰的角落,李娟,万卷出版公司,2010,25.0,9.1,https://book.douban.com/subject/4881850/,在读两本书，两本书都是一个人的。李娟，写出这个名字让我感到幸福，读到她的文字是我这些年来阅读中最好的收获，没有之一，就是最好的。《我的阿勒泰》和《阿勒泰的角落》，都是今年七月出版的新书。知道李娟是在四年前，从《南方周末》上读到她的专栏文章...
150,國史大綱（上下）,錢穆,商务印书馆,2013,76.0,9.4,https://book.douban.com/subject/1046492/,中国通史类作品比较受推崇不外乎以下几本，如果想看的话选一部来读即可：《中国通史》吕思勉（30-40年代-沦陷区），《国史大纲》钱穆（30-40年代-国统区）《中国通史》范文澜（50-60年代-大陆），《中国通史》傅乐成（50-60年代-台湾）《中国通史》白...
151,经济学原理（上下）,[美] 曼昆,机械工业出版社,2003,88.0,9.1,https://book.douban.com/subject/1028842/,已经不记得有多少同学们说起过：我开始正式学习经济学就是因为读了曼昆的《经济学原理》！的确，从马歇尔到萨谬逊，再到平狄克和斯蒂格利茨，曼昆的这本《原理》大概是最为生动和有趣的一本。整本书洋溢着浓厚的人文热情，没有任何复杂的数学公式，图形和曲线也简化到了极...
152,地下室手记,(俄罗斯) 陀思妥耶夫斯基,浙江文艺出版社,2020,39.8,9.3,https://book.douban.com/subject/34990839/,文/宝木笑传说仓颉造字时，天地变色，鬼哭神嚎，只因文字传世，天机因而泄露。文学作为文字聚变后的菁华，越是极致的作品，往往越会产生深邃甚至神秘的作用，不仅是对于读者而言，更是针对文本创作者本身。毕竟文学是由人创作，是人在其中以自身精神为药引，因而一旦一个人的...
153,鹿川有许多粪,李沧东,武汉大学出版社,2021,58.0,8.9,https://book.douban.com/subject/35517022/,本期主播：宗城：小说写作者，人类观察员本期嘉宾：周昀：武汉大学出版社鹿书工作室编辑叶梦瑶：出版社编辑，韩国文化专门账号GoodbyeLibrary创始人正文：宗城:我们这次对谈的契机是李沧东的新书《鹿川有许多粪》（其实是他自己的旧书，但是第一次被引进国内）。李沧东是...
154,强风吹拂,三浦紫苑,广西师范大学出版社,2015,39.0,9.0,https://book.douban.com/subject/26210487/,（导言略长嫌话唠可直接略过前四段……）本人小时候身体不好，体育很差，差到什么程度呢，小学运动会有一个项目叫迎面接力，50米赛道，小同学们两头接力跑，最先跑完最后一棒的班级获胜。那是真正的集体项目，五六十人的班大概有四十人要跑，因为参与度高，赛况变化大，气氛很...
155,安娜·卡列尼娜,[俄] 列夫·托尔斯泰,上海文艺出版社,2007,37.0,9.2,https://book.douban.com/subject/2253380/,1、虽然尽量的平衡和反省自我，依然会时不时的焦躁，对付这种情绪，我最常用的方式就是看老陀，看托尔斯泰这种大部头的作品，最近重读完《安娜·卡列宁娜》。大师的作品，总是让人有满腔的感慨，却一言难进，所以还是老样子，一条条的随便想到哪里就说到哪里，反正也说不尽。...
156,一个陌生女人的来信,[奥] 斯蒂芬·茨威格,上海译文出版社,2007,20.0,8.7,https://book.douban.com/subject/2154960/,
157,檀香刑,莫言,浙江文艺出版社,2017,56.0,9.3,https://book.douban.com/subject/26905337/,书中有三个重要的角色，刽子手赵甲、高密县令钱丁、猫腔祖师爷孙丙。百家姓前四位是“赵，钱，孙，李”；天干排序前四位是“甲，乙，丙，丁”。按照一一对应，应该是“赵甲，钱乙，孙丙”，但是为何偏偏高密县令拟名是“钱丁”？我觉得跟封建皇朝...
158,德米安:埃米尔·辛克莱的彷徨少年时,[德] 赫尔曼·黑塞,上海人民出版社,2009,25.0,8.9,https://book.douban.com/subject/3578470/,“鸟要挣脱出壳。蛋就是世界。人要诞于世上，就得摧毁这个世界。鸟飞向神。神的名字叫阿布拉克萨斯。”阅读黑塞的作品，《德米安》是一个很好的起点，虽然我绕了个大圈，从《玻璃球游戏》到《荒原狼》，再到《悉达多》，然后才是《德米安》。不同时期的黑塞在我眼前展现出不同...
159,苏菲的世界,[挪] 乔斯坦·贾德,作家出版社,2007,26.0,8.8,https://book.douban.com/subject/2284311/,自然派：泰利斯Thales水安纳克西曼德Anaximander无限安那西梅尼斯Anaximenes气帕梅尼德斯Parmenides一直存在感官幻象理性无变化赫拉克里特斯Heraclitus变化无静止(同一河流)相对一致性乃万物之源恩培都克里斯Empedocles不是只有一种基本物质...
160,全球通史(上):从史前史到21世纪,[美]斯塔夫里阿诺斯,北京大学出版社,2006,42.0,9.2,https://book.douban.com/subject/1922216/,L.S.Stavrianos，这个姓氏听起来颇像瑞典王室的加州大学历史学教授，以一部《全球通史》继续验证着我以为所以是著名学者的标准：人因书名，书由人贵。历史上，大凡有名的文人，学者，都会留下各自的文字。而且，正是因为这些文字，使得他们成了名垂青史的人物。不苛刻...
161,史蒂夫·乔布斯传,[美] 沃尔特·艾萨克森,中信出版社,2011,68.0,8.8,https://book.douban.com/subject/6798611/,开完一周例会，Boss突发奇想要我们讨论“乔布斯现象“这个话题。身旁的小女生嘟嘟囔囔地说了一句：”我觉得乔布斯的死只是这世上诸多事情中的一个，跟我们并没有太大关系，我们只要做好自己就可以。”在电影《穿普拉达的女魔头》里，安德丽娅因为时尚编辑纠结于选择哪条腰带而...
162,万水千山走遍,三毛,哈尔滨出版社,2003,13.8,8.9,https://book.douban.com/subject/1036490/,她每本都在写游记，连起来看才知道这是一个生命的铭刻……看三毛的书，最好是把这个大陆版本的5本全部都看掉她的文字并不只是为了游记，为了记录而写她是为了自己而写看她的书其实就是读她这个人，一个人的成长、成熟，最后沉淀我当初是从后往前看，先看最后一本万水...
163,温柔的夜,三毛,北京十月文艺出版社,2007,28.0,9.1,https://book.douban.com/subject/2068249/,人的一生很长，没有爱人陪伴的日子。人的一生很短，和心爱的人在一起嬉戏打闹。兰沙略岛、丹娜芙丽岛、拉歌梅拉岛，一座座漂浮的岛屿为西北非对面的加那利群岛染上了神秘的色彩。三毛喜爱流浪，与她从小性格中略带的偏执和随性有关，庆幸的是，她有结伴而行的人...
164,翦商:殷周之变与华夏新生,李硕,广西师范大学出版社,2022,99.0,9.0,https://book.douban.com/subject/36096304/,这篇书评可能有关键情节透露【整体感受】自周文王开始、历经武王、周公旦、成王，祖孙3代4人不遗余力的彻底把商朝的宗教传统和历史记录翦除抹去。只因为这里既埋藏着周人对商文明活人献祭（甚至吃人）的恐惧，也夹杂了周朝先贤们不光彩的帮凶记忆周人原本只是商朝西部边陲的小部落，也曾被商人捉来做活...
165,爱的艺术,[美] 艾·弗洛姆,上海译文出版社,2008,15.0,8.8,https://book.douban.com/subject/3026879/,你了解爱这件事吗？我们身边的人大概没有几个人不曾为它所累，尘世间没有什么比对爱情的渴望更强烈的了。爱随时随地无时不刻都在发生，我们中间有人正在爱，有人即将要爱，剩下的则在花大量时间谈论爱和等待爱。毋庸置疑，人与人间的情愫是一个永无休止的争论，是一个人类永远...
166,球状闪电,刘慈欣,四川科学技术出版社,2005,22.0,8.7,https://book.douban.com/subject/1192090/,紧着慢着看完《三体》，又争分夺秒看完《黑暗森林》，发现自己蹲在了一个虽然壮丽但不折不扣是个大坑的底部，等着那个叫刘慈欣的大神施舍下一锹半锹的土。顺便仰望星空。带着许多疑问。刘慈欣的大名真的如雷贯耳，以致看到架上的书有他的名字，就毫不犹豫买了下来。于是第一...
167,不能承受的生命之轻:中文全译本百万纪念版,米兰·昆德拉,上海译文出版社,2010,29.0,8.8,https://book.douban.com/subject/4920007/,米兰昆德拉的小说观及其哲学背景我们可以从昆德拉《小说的艺术》中看到，“存在”是其不厌其烦谈论的话题，建立在“存在”上的小说观，是昆德拉小说创作的基础。而存在这个形而上的终极命题，在西方哲学史上也经历了一个不断变化发展的过程。要想理解昆德拉的小说，必须首...
168,草房子,曹文轩,江苏少年儿童出版社,2009,18.0,9.0,https://book.douban.com/subject/1052990/,《草房子》里的油麻地，是一个纯净、透明、弥漫着药香的地方。金色的草房子在阳光的照耀下闪着愉悦的光芒，头顶上桑桑的鸽子飞过，有时，我觉得，油麻地就像一个人，有着一颗柔软、干净的心。桑桑、秃鹤、纸月、杜小康……每一个油麻地的孩子都充满了鲜明的个性，或单纯善良，...
169,半生缘:张爱玲全集04——小说,张爱玲,北京十月文艺出版社,2012,29.6,9.1,https://book.douban.com/subject/10757938/,“他和曼桢认识，已经是多年前的事了。算起来倒已经有十四年了——真吓人一跳！马上使他连带地觉得自己老了许多。日子过得真快，尤其对于中年以后的人，十年八年都好像是指顾间的事。可是对于年轻人，三年五载就可以是一生一世。他和曼桢从认识到分手，不过几年的工夫，这几年...
170,亮剑,都梁,解放军文艺出版社,2005,28.0,9.0,https://book.douban.com/subject/1088022/,“如果我以毕生精力投身的这场革命到头来不符合我的初衷，那么这党籍和职务还有什么意义呢？”——题记电视剧里赵刚的出场，背着八路军行军包，走进师部的门，“报到！”一个标准的军礼，满心壮志的坚定表情，却也掩不住未脱的稚气。屏幕右下方打出一排字：赵刚，延安...
171,古文观止,吴楚材,中华书局,1987,21.0,9.1,https://book.douban.com/subject/1014561/,近40年来，尤其是近10年来，《古文观止》的版本层出不穷，令人眼花缭乱。版本虽多，可是同质化非常严重，大部分都是译+注，可能是这种形式最容易卖得出去吧，有些书商或者野鸡出版社根本没这个能力，也出一本“译注”圈钱。而小众一些的形式，比如像繁体竖排，至今只有中华书局...
172,霸王别姬,李碧华,人民文学出版社,1999,10.2,9.1,https://book.douban.com/subject/1088711/,这篇书评可能有关键情节透露重读《霸王别姬》原作，李碧华真是太残忍了。所谓的“一个都不放过，一个都不宽恕”，大概就是这样了。电影版的程蝶衣，无论是跟菊仙争段小楼，争风吃醋，还是给袁四爷做相公，这些行为，都化在了他的“戏”里，他是个痴人，从头到尾把自己当虞姬。而书里很残忍，程蝶衣很“...
173,我不知道该说什么，关于死亡还是爱情:来自切尔诺贝利的声音,[白俄] S·A·阿列克谢耶维奇,花城出版社,2014,34.8,9.1,https://book.douban.com/subject/25884880/,刚刚过去的4月26日，是切尔诺贝利事件30周年纪念日。1986年的那天凌晨，乌克兰境内的切尔诺贝利核电站4号反应炉发生爆炸，8吨多强辐射物质随风飘散，产生的辐射线剂量，相当于广岛长崎两颗原子弹总和的100倍。事故发生时，反应炉附近的居民纷纷站到高处欣赏爆炸的绚丽火光。其...
174,恶意,[日] 东野圭吾,南海出版公司,2016,39.5,8.7,https://book.douban.com/subject/26877752/,有这样一个人么，他对你微笑，帮助你，可是你却觉得他可恨。希望他消失掉？明明应该是爱到极致的朋友，却是恨到了极致？凶手在书的三分之一处就被捕，而且对罪行供认不讳。而此时，小说才刚刚拉开帷幕。整片小说讨论的中心就是那份深不可测层层包裹的动机。在缜密的布局和推...
175,冰与火之歌:（1-5卷：权力的游戏、列王的纷争、冰雨的风暴、群鸦的盛宴、魔龙的狂,[美]乔治·R.R.马丁,重庆出版社,2013,330.0,9.5,https://book.douban.com/subject/25826936/,“这世上虽有一个人为我从未付出的善意爱着我，却有很多很多人因我最大的恩惠而辱骂我。”詹姆和猎狗一样，经历了骑士梦的幻灭，唾弃荣誉，却又将之深藏心底。“那个时候，世界多么单纯，詹姆心想，身边的人都如新铸的长剑，锋利而明亮。我的十五岁，毕竟是一场梦幻么？大家...
176,我的阿勒泰,李娟,云南人民出版社,2010,25.0,8.9,https://book.douban.com/subject/4884218/,认识李娟快十年了，一直称呼她小鸭子，她叫我小老虎，这称呼应该是从msn的签名图片起因的吧。这些年她一直在四处游走，总觉得很遥远，新疆也随着她一起遥远。去年我回北京得知她在南京和朋友住在一个小岛上，每日简朴度日，平淡写字，那时为她高兴，最后...
177,生死疲劳,莫言,浙江文艺出版社,2022,69.9,9.1,https://book.douban.com/subject/35587028/,《生死疲劳》是莫言最新的长篇小说，四十五万字的篇幅，即使以莫言的多产健笔，也算得上是近年来野心极大的尝试。莫言自谓为了写这部书，他弃电脑而回归稿纸，使用「一次性的软笔」（或许是咱们所谓的中性笔？），一鼓作气、每天只睡两三小时，连续拼了一个半月便告完工，并谓...
178,倾城之恋:张爱玲全集01——小说,张爱玲,北京十月文艺出版社,2012,29.8,8.9,https://book.douban.com/subject/10757940/,这篇书评可能有关键情节透露白流苏，“一家二十来口，合住一栋房子，你在屋子里剪个指甲也有人在窗户眼里看着”“从小时候起，她的世界就嫌过于拥挤”，和好赌的丈夫离了婚，在娘家受尽欺辱。范柳原，“他的父母的结合是非正式的”“由于幼年时代的特殊环境，他的脾气本来就有点怪僻”，被三奶奶道“跳舞...
179,麦琪的礼物:欧·亨利短篇小说经典,[美] 欧·亨利,上海社会科学院出版社,2003,25.0,8.7,https://book.douban.com/subject/1051193/,只读过课文里的那篇故事，是我读过为数不多的小说中的一篇，但对我影响犹深，可以说我的整个爱情观都是建立在它之上的。初读时，我满腔悲愤，因为年少的我从作者那细腻的笔触下只读懂了绝望，以为整篇小说只是在讲述一个贫贱夫妻百事哀的道理。我仿佛真真切切的看到了那对年...
180,社会心理学:（第8版）,[美] 戴维·迈尔斯,人民邮电出版社,2006,68.0,9.0,https://book.douban.com/subject/1476651/,这篇书评可能有关键情节透露2个礼拜终于断断续续的读完了这本厚达600多页的大本教材。这本书从个体和社会着手进行了分析。昨天终于看到了首尾之作--“临床心理学”，总结了一点生活中的法则。1。事实证明，乐观的心情确实能增强对于疾病的抵抗能力，那些患心脏病的人多数缺乏耐心，暴躁，易被激怒。2。...
181,激荡三十年（上）:中国企业1978-2008,吴晓波,中信出版社 浙江人民出版社,2007,35.0,8.8,https://book.douban.com/subject/1970428/,我身边有很多吴晓波的爱好者，快乐两点算一个，他对吴晓波的《大败局》推崇备至。张栋伟大概也算一个，《激荡三十年》刚一上市，他就买了两本，一本自己看，一本送给刘韧。至于刘韧，更不用说，他是吴晓波的朋友，一起组建了蓝狮子。刘韧在拿到这本书的时候，也很欣慰吴晓波在...
182,我也有一个梦想:近距离看美国之三,林达,生活·读书·新知三联书店,2004,25.0,9.0,https://book.douban.com/subject/1014825/,这篇书评可能有关键情节透露林达的书虽好，却跟所有其他天朝的“介绍外国”书一样，给译名却不给原名，给事件却不列索引，对读者这么残忍，情何以堪，特列出我的索引。AmericanCivilWar美国内战，南北战争RodneyKing罗德尼·金1992LosAngelesRiots洛杉矶暴动Quaker教友派惨无人道的奴隶制...
183,天朝的崩溃:鸦片战争再研究,茅海建,生活·读书·新知三联书店,2005,32.0,9.2,https://book.douban.com/subject/1675478/,以前读张荫麟先生的《东汉前中国史纲》，很深的一个印象就是与历史课本不同，书中记述的历史“政治味儿”又或者说“道德味儿”不是那么重。平实真切地记录，还历史以原貌，这本写在1928年的书令我见识到世纪初学人的大家风范。茅海建的《天朝的崩溃——鸦片战争再研究》让我感...
184,海风中失落的血色馈赠,[加拿大] 阿利斯泰尔·麦克劳德,上海文艺出版社,2015,20.0,9.0,https://book.douban.com/subject/26357614/,“我们是自己心中绝望的后裔。斯凯、朗姆、巴拉、迪里这些岛是我们的过去。”没人知道，《去往乱岑角的路》主角的祖父是如何在一个连钢笔都没有的年代里，在橡木横梁的高处写下这些符咒般的字句的。他们的祖先，十九世纪初即离开了苏格兰，远赴美洲，把这些孤独的岛屿留给了...
185,亲密关系,[美]罗兰·米勒 (Rowland S. Miller),人民邮电出版社,2015,138.0,9.2,https://book.douban.com/subject/26585065/,"这篇书评可能有关键情节透露在此分享，希望能对各位有所帮助。如果想""科学""地建立亲密关系，有效地区分各个不入流媒体人撰写的杂七杂八的所谓“爱情”和“关系学”鸡汤，这本书读完应该差不多。看了两周，每天上下班地铁看着，左手手机右手kindle一点点记录，看的过程还是挺辛苦，地铁人群多，有时候手都..."
186,东晋门阀政治,田余庆,北京大学出版社,2012,49.0,9.5,https://book.douban.com/subject/10758290/,我读《东晋门阀政治》胡宝国田余庆先生的《东晋门阀政治》一书已经出版十几年了，相关的书评时有所见。我也想写，但又有种种顾虑，一直希望在别人的评论看到自己想说的话。可是这个想法每每落空。看来，自己想说的话还得自己说。《政治》一书为我们讲述...
187,天生有罪:特雷弗·诺亚的变色人生,[南非] 特雷弗·诺亚,北京联合出版公司,2018,58.0,9.0,https://book.douban.com/subject/30125030/,这篇书评可能有关键情节透露看这本书之前，我只知道Trevor来自南非一个跨种族家庭，还有一点点南非种族隔离的历史。刚在美国崭露头角不久，就被囧司徒看中，出乎所有人意料成了TDS下一任主持。光看他在电视上西装革履地和右派辩论，你会以为他可能借白人父亲的光，接受了精英教育，最后成就了美国梦。看...
188,雕刻时光,[苏] 安德烈·塔可夫斯基,南海出版公司,2016,45.0,9.5,https://book.douban.com/subject/26435510/,十多年前，碟市刚刚兴起，文艺青年、骨灰级影迷一路猛追欧洲电影大师，各类电影书也一时纸贵，塔可夫斯基的《雕刻时刻》也曾应时出版，因为封面太丑（谁叫咱是封面控）、排版纸张都不理想，而且是转译，所以没买，只是简单翻了翻。今年的新版在俄文原书直译的基础上，对版式、...
189,一桩事先张扬的凶杀案,[哥伦比亚] 加西亚·马尔克斯,南海出版公司,2013,25.0,8.7,https://book.douban.com/subject/24382569/,马尔克斯在《一桩事先张扬的凶杀案》里这样写道：“我们这样做（指对凶杀案的一系列巧合百思不得其解）并不是由于渴望解开谜团，而是因为如果不能确知命运指派给我们怎样的角色和使命，我们就无法继续活下去。”马尔克斯的一系列小说，无论是代表其颠峰的《百年孤独》，还...
190,万物有灵且美,[英] 吉米·哈利,中国城市出版社,2010,28.8,8.9,https://book.douban.com/subject/4187411/,这是一个英国乡间小男人和他周围的人和动物的故事。他第一次去找工作的时候，认识了他未来的老板。还没坐稳车子这个急性子的老板就呼啸上路了。当他以不要命的速度疾驰时，我们可怜的主人公吉米•哈利却忙着保持镇定，因为他的座位居然会在车上前后滑动。此外，车...
191,情书,[日] 岩井俊二,天津人民出版社,2004,18.0,8.6,https://book.douban.com/subject/1080370/,2007年，岩井俊二的小说版情书再版了一次。后记里有一篇被北川悦史子写的评论，开头便说：我曾经不以为然，认为拍电影有才华的人，是不可能具备过高的写作天赋的。我的潜意识里一直相当赞同这句话，于是一直对他的各类电影小说没有一点兴趣，然后在某天逛书店时看到这...
192,从零开始的女性主义,[日本] 上野千鹤子,北京联合出版公司,2021,52.0,8.7,https://book.douban.com/subject/35523099/,这篇书评可能有关键情节透露混迹微博豆瓣的这些年里，有关女性主义、女权的讨论与争吵看了很多，比如职业女性和家庭主妇之间有利益之争吗？我们要追求化妆的自由吗？应该把“小三”或“娇妻”踢出女性队伍吗？“娇妻是男权社会的伥鬼？”等等。包括我自己也有很多疑惑，比如我是女性主义者，我痛恨男权社...
193,李光耀观天下,李光耀,北京大学出版社,2015,58.0,9.2,https://book.douban.com/subject/26413154/,这篇书评可能有关键情节透露OneMan’sViewoftheWorld是《李光耀观天下》这本书的英文名。这本书是新加坡国父李光耀先生于90岁时写的，书中极为坦诚且（几乎）毫无保留地分享了他对世界主要国家和地区的观察与反思。因为坦诚，所以读来非常过瘾；因为毫无保留，所以让普通老百姓都得以窥见：一个政...
194,荒原狼,[德]赫尔曼·黑塞,上海译文出版社,2008,13.0,9.0,https://book.douban.com/subject/3131626/,文/预警者(http://yellewallert.blog.sohu.com/)今天，我的声音窒息，我的笛子吹不出歌曲。我的整个世界消失在漆黑的夜的噩梦里。－－题记：引于泰戈尔《问》引言－－吞噬自己又将自己吐出当我偶...
195,倚天屠龙记,金庸,生活·读书·新知三联书店,1999,47.0,8.7,https://book.douban.com/subject/1070851/,前不久重读金庸的《倚天屠龙记》，有两个重口味的发现。重口味的《倚天屠龙记》第一个发现是，不知道在写《倚天屠龙记》的时候金庸都在经历些什么，里面每一段爱情故事好像都有点重口味，其中一部分甚至都有一股扑面而来的血腥气。书里的人物谈情说爱时要么断手断脚，要么鲜...
196,尼罗河上的惨案,[英] 阿加莎·克里斯蒂,人民文学出版社,2006,22.0,8.7,https://book.douban.com/subject/1818347/,用了大半天的时间看完了被誉为举世公认的侦探推理小说女王——阿加莎·克里斯蒂的作品《尼罗河上的惨案》。最深刻而直观的感受便是这真是一个精彩的故事，虽然看的书不算少，但这样的一个故事，一定是我所有读过的书里，最为精彩的侦探故事。女主角林内特·里奇...
197,当呼吸化为空气,[美] 保罗·卡拉尼什,浙江文艺出版社,2016,48.0,8.9,https://book.douban.com/subject/26896859/,与死神狭路相逢，又如何向死而生？——《当呼吸化为空气》读后感眼泪一颗一颗地落下来，是在读到189页时，保罗用轻柔而坚定的声音，清楚明白地说：“我准备好了。”从日当正午的35岁壮年查出肺癌，到37岁的2015年3月9日这一天离开人世，保罗重返了工作岗位，完成住院医生...
198,罗生门,[日] 芥川龙之介,上海译文出版社,2008,12.0,8.7,https://book.douban.com/subject/3136271/,在生存面前，人们轻易的撕下了道德的面具，露出了丑陋的肉体。“罗生门”一词，在日语中含有“位于人间与地狱之间的城门”的意思，因此，芥川把故事发生地设在罗生门是有深意的。（黑泽明改编自芥川的另一部短篇《密林中》的电影也取名为《罗生门》，并将以在罗生门下讲故事的...
199,在细雨中呼喊,余华,作家出版社,2012,25.0,8.8,https://book.douban.com/subject/20421947/,这篇书评可能有关键情节透露余华的小说，《在细雨中呼喊》是我最钟爱的。在之前的之前，我一直不敢翻看余华的书籍。这样的不敢是缘于一种害怕，在我的积累的听闻中，这是一个真实书写着生活的残酷无奈与绝望的作家。我是那么喜爱着温暖与干净，以致于连眼睛都拒绝着影视中的血腥。朋友说，你的前生一定是...
200,送你一颗子弹,刘瑜,上海三联书店,2010,25.0,8.6,https://book.douban.com/subject/4238362/,1.而我觉得，检验友谊的唯一标准，就是两个人是否能凑在一起说别人坏话。(P6)2.青春的浓雾散尽以后，裸露出时间的荒原。人一辈子的奋斗，不就是为了摆脱这丧心病狂的自然。(P17)3.人渴望被承认，也就是别人的目光，但是同时，当别人的目光围拢过来的时候，他又感到窒息，...
201,浮生六记,（清）沈复,人民文学出版社,1999,38.0,8.7,https://book.douban.com/subject/1088581/,沈复这人，总体来说是个很失败的家伙。沈复是一个无能的小清新屌丝，进不足以做入世将相，退又不能伴青灯古佛。在老爹的庇护下，尚能每日不思进取，以小清新的生活乐趣为中心来打发时间，插花、游山玩水、搞搞业余的高雅艺术和老婆。可是一旦被赶出家里，就发现自己连独立门户...
202,九州·缥缈录,江南,新世界出版社,2005,20.0,8.8,https://book.douban.com/subject/1321017/,我用了四年时间等到四本书，它们的名字叫做《九州•缥缈录》Ⅰ、Ⅱ、Ⅲ、Ⅳ。我曾幻想等一本叫做《九州•缥缈录Ⅲ》的书能讲完传说中未来第六本书的情节，也就是从年轻的阿苏勒•帕苏尔在殇阳关的战火中领略世界的残酷，一直到他成长为一位为了守护而战的草原英雄。但...
203,理想国,[古希腊] 柏拉图,商务印书馆,1986,28.0,8.8,https://book.douban.com/subject/1004821/,这篇书评可能有关键情节透露被柏拉图虐待之后－－读《理想国》痛痛帮我证实了这些文字是记载在尼罗河边的芦苇做成的昂贵的纸上的。不过，笔呢，就不知道了，只能先假设是三百年后的蒙恬发明了再穿越过来送给柏拉图。柏拉图这家伙真是非一般的啰嗦，很简单的一个道理也要东拉西扯一大堆，再举上十几个例...
204,父权制与资本主义,[日] 上野千鹤子,浙江大学出版社,2020,58.0,9.2,https://book.douban.com/subject/34896921/,这篇书评可能有关键情节透露01.父权制与资本主义的合谋前段时间，听到一个男性问一个孕妇：怀的是女儿还是儿子？孕妇说：女儿。那个男人听了之后，一脸意味深长地笑着说：还是生女儿好啊。这段话其实只说了前半句，后半句应该是：不用辛苦给她买房。我本人是独生女，从很早开始，我妈就跟我说：反正...
205,雷雨,曹禺,人民文学出版社,1999,9.2,8.7,https://book.douban.com/subject/1013416/,有些人的慈善和爱，是晴天把雨伞借给你，雨天又凶巴巴地把它收回去。周朴园和周萍就都是这样的人。第一次看《雷雨》是在高中2年级，那时侯年龄小，只顾看热闹。看完后恨透了蘩漪这个女人，也不明白为什么要让周冲这个善良单纯的孩子死去。5年后再看，竟对蘩漪生出了巨大...
206,一千零一夜,纳训,人民文学出版社,2003,22.0,8.8,https://book.douban.com/subject/1035848/,《一千零一夜》最有名的译本当然是纳训的人文版，李唯中译的这个译本却很有特点。首先李唯中是根据阿拉伯原文善本布拉克本译出的故事最全本，并且里面的诗文也一起译出，值得一提的是花山文艺的这个版本里的诗文是用中国古体诗译出的，里面颇多佳句。后来我在书店中见过另一...
207,孩子你慢慢来,龙应台,生活·读书·新知三联书店,2009,28.0,8.7,https://book.douban.com/subject/4207781/,龙应台在淡水的小街上买花，五岁的男孩想用丝带在花束上系一个蝴蝶结，小孩子的手指在丝带上滚来滚去，慢吞吞地，系不好。阿婆开骂。龙应台说，让伊慢慢来。瞬间被击中，落泪。想起了幼年往事。我的爸妈是很普通的中国父母，工人，初中文化，为生计劳累，教育孩子多用“土法”...
208,雨季不再来,三毛,北京十月文艺出版社,2007,28.0,8.8,https://book.douban.com/subject/2136140/,《雨季不再来》是一位朋友（当时人生低谷支撑、温暖我的几位朋友之一）给我的书。前段时间考试失利（那是我人生中一次很重要的考试），很不开心了一段时间，但是马上又振作起来了，因为在几个月之前已经经历过一次了，那时候比这一次无助。这些我都没有跟他说过，因为那...
209,水浒传（全二册）,[明] 施耐庵,人民文学出版社,1997,50.6,8.7,https://book.douban.com/subject/1008357/,“林教头风雪山神庙”和“林冲雪夜上梁山”这两回，我认为是《水浒传》里最美丽，最哀愁的两回。前面快意恩仇了那么多回，写到这里，作者的步伐仿佛缓慢下来了。其实杀机就暗藏在不远处，但此时此刻，命悬一线的林冲竟然变得像个诗人，而隐藏在背后操纵故事的施耐庵忽然变得...
210,渴望生活:梵高传,[美] 欧文·斯通,北京十月文艺出版社,2008,29.8,9.1,https://book.douban.com/subject/3054821/,很多人知道他的名字，是因为他的油画在拍卖行以天价成交。你问他们最喜欢哪一个画家，他们总是说梵高啊梵高啊。但是，他其实相貌平平，有着棱角分明的大下巴，并不讨人喜欢。他偏执孤独，嗓门粗大，举止无礼，招人厌烦。他被小孩子称作红头发的傻瓜，被大人称作三十岁的白痴...
211,你一生的故事:特德·姜科幻小说集,[美] 特德·姜,译林出版社,2015,36.0,8.8,https://book.douban.com/subject/26295448/,虽然在我看来，这部小说，它的哲学意义，远大于科幻价值。但是我还是想先从书里的这个物理定律说起。在中学的物理课上，我们都做过这个实验，把一根筷子放进水杯里，你会看到筷子在水中变弯了，但我们都知道那其实不是筷子真的弯了，而是光在水中发生了折射。光为什么进入水...
212,银河系漫游指南,[英] 道格拉斯·亚当斯,四川科学技术出版社,2005,16.0,8.8,https://book.douban.com/subject/1394364/,《银河系漫游指南》的小说很好看，比电影好看10倍。它是一个叫道格拉斯·亚当斯的人写的，他当过阿拉伯王公的保镖，准备着一旦有人举着鸡蛋或者炸弹尖叫着跑过来，就立刻鼠窜，他客串过PINKFLOYD的吉他手，因为跟乐队成员是好朋友，他还做过鸡场清洁工，一个扫鸡粪的。。。...
213,孙子兵法,孙武,上海古籍出版社,2006,20.0,9.4,https://book.douban.com/subject/1949420/,在豆瓣开了一个专栏，主要写投资与自我管理方面，欢迎关注：http://read.douban.com/column/93927/这几天看了毛泽东文选中关于战术战略的运用，其游击战术不少是《孙子兵法》的发挥。孙子兵法可与毛泽东的文章对读，当有更多体悟。1.计篇：探讨了打仗时从如何胜这个角度要...
214,庄子,孙通海 译注,中华书局,2007,20.0,9.4,https://book.douban.com/subject/2046236/,很久以前就听过这个故事。出自《庄子·大宗师》。“泉涸，鱼相与处于陆，相呴以湿，相濡以沫，不如相忘于江湖。与其誉尧而非桀也，不如两忘而化其道。”泉水干枯了，两只鱼未能及时离开，只好靠吞食对方口里湿气勉强活着。如果是别人，兴许会感慨一声：多么坚贞伟大的爱。可...
215,现代艺术150年:一个未完成的故事,[英] 威尔·贡培兹,广西师范大学出版社,2017,65.0,9.2,https://book.douban.com/subject/26854318/,23年3月7日更新分享不了是因为有道云笔记说里面有敏感词，有没有好心人有好的分享平台，我把我的有道云账号给您，帮忙导出来给大家看。谢谢！可能是因为版权问题，书中提到的很多作品并没有图片，为了让读者有更流畅的阅读体验，特意按作品在书中出现的顺序从网上找到对应...
216,骆驼祥子,老舍,人民文学出版社,1962,12.0,8.6,https://book.douban.com/subject/1043815/,读书笔记合辑，分为两部分，先说虎妞，再说祥子。虎妞的部分涉及了一些与凌子风电影的比对。日子久远，老实说一些情节已经记不太清了，肯定有错误。其实没读懂，供批判…1.虎妞电影版导演凌子风曾在访谈里表示：“我喜欢美的东西，所以不忍心看到祥子堕落。”所以他删去了对...
217,明亮的夜晚,[韩]崔恩荣,台海出版社,2023,52.0,9.0,https://book.douban.com/subject/36457094/,韩国作家讲述几代女性互相支撑、在东亚严苛的性别环境中幸存的故事有不少，这本尤其打动我。作者通过四代女性的生命体验和感受来重建韩国近代史，这个视角特别戳中我。历史从来都是history——hisstory他的故事。在历史的宏大叙述中，女性的身体经验和感受从来都是不被看到...
218,不存在的骑士,[意] 伊塔洛·卡尔维诺,译林出版社,2012,22.0,8.9,https://book.douban.com/subject/6789551/,“有一百个观众就有一百个哈姆雷特”，每个读者在阅读的过程之中其实也就是一次误读的过程，但是这样的误读并无损于作品的伟大。我甚至认为一个好的作品，他在很大的一个程度上是因为他有着许多种被误读的可能，尤其是虚构的作品更是如此。下面就是本人对此书的一次误读尝试。...
219,野火集:二十年纪念版,龙应台,文汇出版社,2005,25.0,8.7,https://book.douban.com/subject/1426971/,我就是龙应台在《野火集》中批判的那类人，那种不关心政治走向，不关心世界形势的人。基本上，我从不看报纸的国际版，最多也就是瞄一下标题。除非是那些国际花边新闻，比如世界银行行长出席会议露出了袜子上的破洞，这样的新闻我才会多看两眼，并且记住了。并且，台湾问题我也...
220,银河帝国：基地七部曲:百万册纪念版,[美] 艾萨克·阿西莫夫,江苏凤凰文艺出版社,2015,328.0,9.5,https://book.douban.com/subject/26389895/,这篇书评可能有关键情节透露《银河帝国》这部煌煌巨著，前后15本，通常被分为三个部分。1-7的七本，《基地七部曲》，讲银河帝国濒临灭亡之后人类如何自救。8-12的五本，《机器人系列》，讲机器人三定律和与机器人有关的故事。13-15的三本，《帝国系列》，讲人类如何从地球开始向银河系扩张。阿西莫夫...
221,最好的我们,八月长安,湖南文艺出版社,2013,55.0,8.7,https://book.douban.com/subject/24754316/,其实早就说好了的。从第一次写《橘生淮南》的书评时就跟她保证，她出多少书我写多少评。现在第三本书终于出来了，她在讲故事的路上越走越远，而我已经在镜子中窥见自己的江郎才尽。文艺女青年都有变成单身女中年的一天，毋须因为这种事情特别伤感。毕竟，没有人能青春不老，也...
222,足利女童连续失踪事件,[日] 清水洁,文汇出版社,2022,49.0,9.0,https://book.douban.com/subject/35776315/,上周读书读到1/3时，开始有意识地标注出清水洁的信源，没想到越往后，源源不断的新信源还在持续出现。这里面有公检法部门，也有曲折拜访才打开房门的受害者家属、十几年前案发地的店员、医学学术机构的科学家、国会议员、辩护律师以及大量媒体同行。可以确定的是，清水洁写书...
223,论语,刘胜利,中华书局,2006,9.8,9.1,https://book.douban.com/subject/1964774/,我每一次看《论语》，都会觉得，我比较喜欢论语里的那个孔子：比起朱熹的孔子，要可爱多了，真实多了。他喜欢穿得体面，喜欢安安静静的发呆，喜欢有事没事发发牢骚，做一些每个老头都会做的事情。不了解儒家的人，不了解孔子的人，往往会觉得，一个拥有万世师表盛...
224,象棋的故事,[奥] 斯蒂芬·茨威格,上海译文出版社,2007,23.0,9.2,https://book.douban.com/subject/2158684/,在人生的不同阶段读茨威格，总会有不同的感悟和收获。十几岁的时候看到《象棋的故事》，因为这个平铺直叙的名字差点就提不起兴趣，还是朋友的推荐勉为其难拿来一读，当时只是被故事曲折离奇的情节所吸引，对岑托维奇的好奇心甚至远远盖过了B博士；二十出头的时候重读，对二人...
225,跨越边界的社区（修订版）:北京“浙江村”的生活史,项飙,生活·读书·新知三联书店,2018,68.0,9.5,https://book.douban.com/subject/30116399/,给我一杯威士忌，（聊的）太开心了。两个聊到兴致处，许知远的酒欲大发，幸甚至哉。许知远开头评价的项飙：我非常理解他，他去印度、澳大利亚对IT民工的调查，他对高速流动身份的这种理解与追求。他是这个时代少见的解释者，他解释了很多东西。对于每一个普通人都有很直接的冲...
226,显微镜下的大明,马伯庸,湖南文艺出版社,2019,52.0,8.7,https://book.douban.com/subject/30414743/,这篇书评可能有关键情节透露一.王朝的衰落在我看到马伯庸这本新书的时候，第一直觉就是应该配着万历十五年一起看，显微镜下的大明趣味盎然，看的时候往往忍俊不禁，万历十五年文风冷静自持，看的时候若不是专业人士或许会稍嫌平淡，但读者如能将两者互相参照，则前者的笑语中多带着刺骨冷汗，而后者的平...
227,会饮篇,[古希腊] 柏拉图,商务印书馆,2013,12.0,9.3,https://book.douban.com/subject/21570668/,前苏格拉底的哲人赫拉克里特仅存的《残篇》中，每一句语焉不详的只言片语都蕴含着石破天惊的巨大力量，比如这句话：上升之路与下降之路本是同一条路。因此，在诸多对《会饮》的解读中，当人们熙熙攘攘都去讨论爱欲的上升时，一个叫做SeanSteel的学者就抓住了老赫这句话，反其...
228,坟,鲁迅,人民文学出版社,2006,16.0,9.6,https://book.douban.com/subject/1974029/,《坟》这本杂文集我读得比较吃力，主要吃力在开头的四篇用文言文写的文章（《人之历史》、《科学史教篇》、《文化偏至论》、《摩罗诗力说》）鲁迅写的文言杂文语言是比较规整的，很有晚清学究的样子，他在《写在&lt;坟&gt;后面》里说自己受了很深的古的东西的影响也可见一斑。...
229,帷幕:阿加莎·克里斯蒂作品33,[英]阿加莎·克里斯蒂,新星出版社,2015,26.0,9.1,https://book.douban.com/subject/26292535/,这篇书评可能有关键情节透露首先我说明一下，福尔摩斯是我看的最早的一部侦探小说，也是我早期最喜欢的一部。我很尊敬柯南道尔及他的书迷们，有些言论仅为调侃，请不要太当真。柯南道尔作为维多利亚女王的效忠者，创作过大量政治诗，他的文笔还是不错的，大量的环境描写烘托了气氛，福尔摩斯的形象也是难...
230,二手时间,[白俄] S. A. 阿列克谢耶维奇,中信出版社,2016,55.0,8.9,https://book.douban.com/subject/26704403/,我一直对苏联感到好奇。同样经历了二十世纪甚至可能是人类有史以来最残酷的政治恐怖和思想压迫，我奇怪为什么苏联仍然可以拥有一些世界级的响亮名字：帕斯捷尔纳克、肖斯塔科维奇、塔可夫斯基。而我们这边却几乎是一片荒芜。1975年，塔可夫斯基拍出《镜子》的时候，中国在搞文...
231,你好，旧时光（上下）,八月长安,新世界出版社,2009,39.8,8.7,https://book.douban.com/subject/4166819/,有人说过。只要用相同的姿势阅读，我们就能彼此安慰。>>>>>>>>>>>>>你几岁，从事什么工作，是否单身，经历了几次恋爱，有没有所托非人。我不清楚。你的性向，形貌，有什么怪癖，有什么秘密，受过几次伤，是否被人背叛过。我不清楚。你抽不抽烟，酗不酗酒，安居乐业还...
232,金锁记,张爱玲,哈尔滨出版社,2005,13.5,8.6,https://book.douban.com/subject/3017857/,曾有一个笑话风靡一时，讲的是一个天才，一生如霓虹灯一样璀璨亮丽毫无败笔，后来他活得不耐烦了，要从楼上跳下来自杀，没想到还压死了一个在逃的杀人犯。这个天才最后绝望地说了一句话：我这一生最大的遗憾就是没有遗憾。这话听起来酸溜溜的，听得人心里不是滋味。事实上，...
233,枪炮、病菌与钢铁:人类社会的命运,[美] 贾雷德·戴蒙德,上海译文出版社,2006,45.0,8.7,https://book.douban.com/subject/1813841/,作为后人，我们总是免不了要对发生过的历史作些“如果”的想象，特别是当这种历史对我们是带有屈辱色彩的历史。比如中国人就常想“如果戊戌变法成功了中国如何”，“没有文化大革命又如何”，同时也会有大量“为什么这样，为什么那样”的问题，如“为什么日本能维新成功，...
234,时间的秩序,[意] 卡洛·罗韦利,湖南科学技术出版社,2019,56.0,8.9,https://book.douban.com/subject/33424487/,这篇书评可能有关键情节透露“比起我们平常模糊的视野，有时疯狂的视角看得更远。”-卡洛·罗韦利，意大利，著名物理学家，圈量子引力理论的开创者之一罗韦利以其简洁诗意又充满热情的科普讲述惊艳世界，被誉为“让物理变性感的男人，下一个史蒂芬·霍金”。想起《重庆森林》里的一句台词：不知道从什么...
235,顾城的诗,顾城,人民文学出版社,1998,20.0,8.8,https://book.douban.com/subject/1033825/,一今天同往常一样，只是天气比昨天和前天的好。工作的时候，透过办公室透明的玻璃窗，外面是一派恬静安详的景色。于是我突然想到了一个人，其实不用提及名字，看他的诗你就会知道。二你一会看我一会看云我觉得你看我时很远你看云时很近三我很久没有写这样的文章了...
236,规训与惩罚:监狱的诞生,[法] 米歇尔·福柯,生活·读书·新知三联书店,2003,21.8,9.3,https://book.douban.com/subject/1012307/,转载请注明出处，谢谢。---------------------------------------------------------------------------------------------------------------------——《疯颠与文明》及《规训与惩罚》读书笔记初读福柯，思想的震撼如狂风呼啸扫荡平原，摧枯拉朽，日月无光。一些道...
237,毛姆短篇小说精选集,[英] 威廉·萨默塞特·毛姆,译林出版社,2012,36.0,9.1,https://book.douban.com/subject/10774752/,毛姆小说大体如此：1.开篇谈点人生感悟；2.引入生活遇到的某位正派先生；3.人物出现意想不到的180°转弯，做出完全不同的选择，导致自己以身边的人困惑和不解，并造成很大的影响；4.人物往往逃避所谓的西方现代文明，遁入宁静、孤独、安详的某个地方，可以是与世隔绝的南太平洋...
238,解忧杂货店,[日] 东野圭吾,南海出版公司,2014,39.5,8.5,https://book.douban.com/subject/25862578/,这篇书评可能有关键情节透露给身边很多人推荐了这本书，最不像东野圭吾的解忧杂货店。没有他引人注目的悬疑和推理，看似凌乱实则缜密。每个人物都充满了矛盾和羁绊，最终又得到救赎。很多朋友反映此书人物众多，且时空错乱，稍不留神会觉得莫名其妙。为大家拥有更好的阅读体验，本人义务制作了本技术贴，...
239,命运,蔡崇达,浙江文艺出版社,2022,59.8,8.9,https://book.douban.com/subject/36084340/,前段时间看到有人推这本书，加上之前看《皮囊》观感不错所以买回来读读，只能说很失望，极其失望。再回过头来看豆瓣，一水的五星书评，我说一句花钱买了过度营销不过分吧？我对《命运》的期待可能是，主人公能有着波折的人生经历，在这些经历中，我能读懂这个人，与他一起看这...
240,火星救援,[美] 安迪·威尔,译林出版社,2015,38.0,8.9,https://book.douban.com/subject/26586492/,这是一部科幻小说，我以个人的角度说说这本书的几个看点。这部小说以第一人称为主讲述了主角孤身一人困在火星近549（火星）天，最后通过自己的技能求得救助的故事。抛开具体的内容不说，这本小说就写了这么一个事情。而且单凭笔者的这句介绍来看，大家可能会以为这么一个绝处...
241,黑箱：日本之耻,[日] 伊藤诗织,雅众文,信出版集,2019.0,8.9,https://book.douban.com/subject/30484795/,1.大学毕业、想要成为职业记者的伊藤诗织，与之前有过几面之缘的TBS电视台华盛顿分社社长山口敬之以讨论工作签证为由一起用餐。伊藤诗织的版本是：两人喝了许多酒，她失去意识，醒来时已是在山口敬之的酒店房间，赤身裸体。山口在她失去意识时和她发生了性关系。伊藤逃离现场...
242,分成两半的子爵,[意] 伊塔洛·卡尔维诺,译林出版社,2012,20.0,8.8,https://book.douban.com/subject/10555486/,为什么我们不饥而食，不渴而饮，既不感到快乐和喜悦，也不觉得悲伤和痛苦，整天在平静而绝望的生活中浑浑噩噩？卡尔维诺说，原因在于我们是完整的。完整的时候，世界对于我们只是抽象的存在，并不能切身地感受到世界的存在，我们陷入了某种抽象的形而上困境中。总是轻易地将一...
243,哈姆莱特,[英] 莎士比亚,人民文学出版社,2001,7.0,8.7,https://book.douban.com/subject/1006197/,不合时宜的沉思——试述哈姆莱特的血气和延宕文/顾一心有关《哈姆莱特》的情节似可一言蔽之：人因过度的思考而扼杀了应有的行动。哈姆莱特——这位举世瞩目的人之骄子，由始至终在行动的血气和延宕的理性间徘徊，最终因猝然的变故结束了自己的生命。作为现世行动的失败者...
244,包法利夫人,福楼拜,人民文学出版社,2003,28.0,9.1,https://book.douban.com/subject/25897678/,读了四个《包法利夫人》的译本，有必要说一下感受与想法，李健吾译本赫赫有名，甚至被许为难以超越的经典，但那些表示热情赞许的人，似乎更多是为李先生对福楼拜的研究所折服，而非倾倒于译作本身。这是一个语言规范尚不成熟、文体明显存在缺陷的译本，除非人们刻意认为文学品...
245,上学记,何兆武 口述,生活·读书·新知三联书店,2006,19.8,8.9,https://book.douban.com/subject/1859140/,《上学记》看完以后，我老有种感觉萦绕很久，但是不知道怎样表达。怎样说都跟我感受到的不太一样。怎么说都只是一部分。今年，从一个大企业里辞职出来，做一种接近公益性的工作，从那种凡事都求利润回报的气氛里脱离出来；周围的人更加多样化、思想更加自由，这些，可能都促成...
246,挽救计划,[美] 安迪·威尔,译林出版社,2021,68.0,9.1,https://book.douban.com/subject/35494160/,这篇书评可能有关键情节透露本书有许多有趣的科技问题，而且都经过作者的缜密计算。本文举一些例子以帮助读者了解作者用功之深。不过作者毕竟不是专业出身，跟上一本著作《月球城市》一样存在不少硬伤，一并在文中讨论。中译本还有一些误译，见本文第二部分。A.科技考证第一章太阳系里有一条非常微弱...
247,总统是靠不住的:近距离看美国之二,林达,生活·读书·新知三联书店,2004,21.8,8.8,https://book.douban.com/subject/1056315/,尼克松在最后的紧要关头，拒绝了黑格的调遣军队保护白宫的要求，接受了最高法院的判决，最终又提出了辞职，在挽回了自己最后的一丝声誉的同时也挽救了美国历史上最大的宪法危机，在作出了种种错误的决定之后，他最后作出了尊重宪法，尊重人性的选择。而几十年后的今天早晨，...
248,大明王朝1566,刘和平,花城出版社,2016,88.0,9.5,https://book.douban.com/subject/26925171/,一读此书，对其人物塑造的立体性、非脸谱化印象深刻。觉其是一部极好的历史小说。再读此书，对其中对权术的分析深为叹服，感佩作者深得官场权术三昧。三读此书，读出了正邪，读出了“丰满的人性”和“精深的权术”所掩盖不住的正邪，惊叹此乃一篇新《原君》，对中国的君主专...
249,认识电影:插图第11版,[美] 路易斯·贾内梯,世界图书出版公司,2007,68.0,8.9,https://book.douban.com/subject/2326403/,在北京电影学院上过学的人都知道，电影学院上课其实是没有教材的，视听语言、剧作、影片分析、摄影基础等专业学科通通都由老师口头相授。纵然电影已经成为时下大众不可或缺的娱乐品及最流行的话题，纵然每个人都在看电影继而谈论电影，纵然这已经是一个全民写影评的时代，可是...
250,奥斯维辛:一部历史,[英] 劳伦斯·里斯,广西师范大学出版社,2016,79.0,9.5,https://book.douban.com/subject/26861418/,这篇书评可能有关键情节透露今天开始看《奥斯维辛》。刚看了几十页，就很吸引人了，正如书中所提到的一些研究历史的方法论和思考角度，根据徐贲的说法，在中国还是空白，对中国历史的研究有启发意义，更具突破性。如“功能主义”和“蓄意主义”对历史分析的区别，简单的说，就是诸如犹太人灭绝计划，是...
